confidence_definition,config_path,created_at_utc,dataset_hash,dataset_path,eval_script,evalset,exact_match,f1,max_steps,model,model_short,num_eval_examples,num_train_epochs,predictions_path,run_id,seed,subset_draw_id,subset_fraction,subset_size,train_budget_type,train_dataset_hash,train_dataset_path,train_run_id,train_subset,metrics_path,addsent_drop_f1,addsent_drop_em,addonesent_drop_f1,addonesent_drop_em
joint,results/round3e_electra_small/configs/electra_small__ambiguous__frac0p333__seed100__same_epochs.yaml,2026-05-23T06:20:05Z,sha256:fe4b4d10a7d1a5afed58183078a4fe10820af5537d4e28a82cab990673fb0d6c,data/qa/addonesent.jsonl,run.py/custom_squad_postprocess,addonesent,55.95970900951315,62.515618525603735,,google/electra-small-discriminator,electra_small,1787,3.0,results/round3e_electra_small/predictions/electra_small__ambiguous__frac0p333__seed100__same_epochs__addonesent.jsonl,electra_small__ambiguous__frac0p333__seed100__same_epochs__addonesent,100,,0.333,29170,same_epochs,sha256:02ad1c8063f710c0ca0d99d51e8557d766fd7dfb31d49540456bcaee38f55d02,data/subsets/round3e_electra/joint/ambiguous_frac0p333.jsonl,electra_small__ambiguous__frac0p333__seed100__same_epochs,ambiguous,results/round3e_electra_small/metrics/raw/electra_small__ambiguous__frac0p333__seed100__same_epochs__addonesent.json,28.987341952131466,26.90131599927716,17.567406468038733,15.913517102123564
joint,results/round3e_electra_small/configs/electra_small__ambiguous__frac0p333__seed100__same_epochs.yaml,2026-05-23T06:19:29Z,sha256:698ce6f7c1779b1b83d253f1c1b3fc2058f278ec4e656dae445dc5c7a7de98df,data/qa/addsent.jsonl,run.py/custom_squad_postprocess,addsent,44.97191011235955,51.095683041511,,google/electra-small-discriminator,electra_small,3560,3.0,results/round3e_electra_small/predictions/electra_small__ambiguous__frac0p333__seed100__same_epochs__addsent.jsonl,electra_small__ambiguous__frac0p333__seed100__same_epochs__addsent,100,,0.333,29170,same_epochs,sha256:02ad1c8063f710c0ca0d99d51e8557d766fd7dfb31d49540456bcaee38f55d02,data/subsets/round3e_electra/joint/ambiguous_frac0p333.jsonl,electra_small__ambiguous__frac0p333__seed100__same_epochs,ambiguous,results/round3e_electra_small/metrics/raw/electra_small__ambiguous__frac0p333__seed100__same_epochs__addsent.json,28.987341952131466,26.90131599927716,17.567406468038733,15.913517102123564
joint,results/round3e_electra_small/configs/electra_small__ambiguous__frac0p333__seed100__same_epochs.yaml,2026-05-23T06:18:34Z,sha256:940197b8001a1309109a52f2d51d1b3eb25d1db49950b24705dc8641f1c19502,data/qa/squad_dev.jsonl,run.py/custom_squad_postprocess,squad_dev,71.87322611163671,80.08302499364247,,google/electra-small-discriminator,electra_small,10570,3.0,results/round3e_electra_small/predictions/electra_small__ambiguous__frac0p333__seed100__same_epochs__squad_dev.jsonl,electra_small__ambiguous__frac0p333__seed100__same_epochs__squad_dev,100,,0.333,29170,same_epochs,sha256:02ad1c8063f710c0ca0d99d51e8557d766fd7dfb31d49540456bcaee38f55d02,data/subsets/round3e_electra/joint/ambiguous_frac0p333.jsonl,electra_small__ambiguous__frac0p333__seed100__same_epochs,ambiguous,results/round3e_electra_small/metrics/raw/electra_small__ambiguous__frac0p333__seed100__same_epochs__squad_dev.json,28.987341952131466,26.90131599927716,17.567406468038733,15.913517102123564
joint,results/round3e_electra_small/configs/electra_small__ambiguous__frac0p333__seed13__same_epochs.yaml,2026-05-23T05:54:29Z,sha256:fe4b4d10a7d1a5afed58183078a4fe10820af5537d4e28a82cab990673fb0d6c,data/qa/addonesent.jsonl,run.py/custom_squad_postprocess,addonesent,55.84778959149413,62.0907996141066,,google/electra-small-discriminator,electra_small,1787,3.0,results/round3e_electra_small/predictions/electra_small__ambiguous__frac0p333__seed13__same_epochs__addonesent.jsonl,electra_small__ambiguous__frac0p333__seed13__same_epochs__addonesent,13,,0.333,29170,same_epochs,sha256:02ad1c8063f710c0ca0d99d51e8557d766fd7dfb31d49540456bcaee38f55d02,data/subsets/round3e_electra/joint/ambiguous_frac0p333.jsonl,electra_small__ambiguous__frac0p333__seed13__same_epochs,ambiguous,results/round3e_electra_small/metrics/raw/electra_small__ambiguous__frac0p333__seed13__same_epochs__addonesent.json,30.42031825803153,28.07006261095107,18.639597562150954,16.77283481720975
joint,results/round3e_electra_small/configs/electra_small__ambiguous__frac0p333__seed13__same_epochs.yaml,2026-05-23T05:53:39Z,sha256:698ce6f7c1779b1b83d253f1c1b3fc2058f278ec4e656dae445dc5c7a7de98df,data/qa/addsent.jsonl,run.py/custom_squad_postprocess,addsent,44.550561797752806,50.310078918226026,,google/electra-small-discriminator,electra_small,3560,3.0,results/round3e_electra_small/predictions/electra_small__ambiguous__frac0p333__seed13__same_epochs__addsent.jsonl,electra_small__ambiguous__frac0p333__seed13__same_epochs__addsent,13,,0.333,29170,same_epochs,sha256:02ad1c8063f710c0ca0d99d51e8557d766fd7dfb31d49540456bcaee38f55d02,data/subsets/round3e_electra/joint/ambiguous_frac0p333.jsonl,electra_small__ambiguous__frac0p333__seed13__same_epochs,ambiguous,results/round3e_electra_small/metrics/raw/electra_small__ambiguous__frac0p333__seed13__same_epochs__addsent.json,30.42031825803153,28.07006261095107,18.639597562150954,16.77283481720975
joint,results/round3e_electra_small/configs/electra_small__ambiguous__frac0p333__seed13__same_epochs.yaml,2026-05-23T05:52:43Z,sha256:940197b8001a1309109a52f2d51d1b3eb25d1db49950b24705dc8641f1c19502,data/qa/squad_dev.jsonl,run.py/custom_squad_postprocess,squad_dev,72.62062440870388,80.73039717625755,,google/electra-small-discriminator,electra_small,10570,3.0,results/round3e_electra_small/predictions/electra_small__ambiguous__frac0p333__seed13__same_epochs__squad_dev.jsonl,electra_small__ambiguous__frac0p333__seed13__same_epochs__squad_dev,13,,0.333,29170,same_epochs,sha256:02ad1c8063f710c0ca0d99d51e8557d766fd7dfb31d49540456bcaee38f55d02,data/subsets/round3e_electra/joint/ambiguous_frac0p333.jsonl,electra_small__ambiguous__frac0p333__seed13__same_epochs,ambiguous,results/round3e_electra_small/metrics/raw/electra_small__ambiguous__frac0p333__seed13__same_epochs__squad_dev.json,30.42031825803153,28.07006261095107,18.639597562150954,16.77283481720975
joint,results/round3e_electra_small/configs/electra_small__ambiguous__frac0p333__seed21__same_epochs.yaml,2026-05-23T06:00:46Z,sha256:fe4b4d10a7d1a5afed58183078a4fe10820af5537d4e28a82cab990673fb0d6c,data/qa/addonesent.jsonl,run.py/custom_squad_postprocess,addonesent,56.911024062674876,63.493224834291134,,google/electra-small-discriminator,electra_small,1787,3.0,results/round3e_electra_small/predictions/electra_small__ambiguous__frac0p333__seed21__same_epochs__addonesent.jsonl,electra_small__ambiguous__frac0p333__seed21__same_epochs__addonesent,21,,0.333,29170,same_epochs,sha256:02ad1c8063f710c0ca0d99d51e8557d766fd7dfb31d49540456bcaee38f55d02,data/subsets/round3e_electra/joint/ambiguous_frac0p333.jsonl,electra_small__ambiguous__frac0p333__seed21__same_epochs,ambiguous,results/round3e_electra_small/metrics/raw/electra_small__ambiguous__frac0p333__seed21__same_epochs__addonesent.json,29.034605699173554,27.023614639694706,17.481682247015534,15.927197318592867
joint,results/round3e_electra_small/configs/electra_small__ambiguous__frac0p333__seed21__same_epochs.yaml,2026-05-23T06:00:05Z,sha256:698ce6f7c1779b1b83d253f1c1b3fc2058f278ec4e656dae445dc5c7a7de98df,data/qa/addsent.jsonl,run.py/custom_squad_postprocess,addsent,45.81460674157304,51.940301382133114,,google/electra-small-discriminator,electra_small,3560,3.0,results/round3e_electra_small/predictions/electra_small__ambiguous__frac0p333__seed21__same_epochs__addsent.jsonl,electra_small__ambiguous__frac0p333__seed21__same_epochs__addsent,21,,0.333,29170,same_epochs,sha256:02ad1c8063f710c0ca0d99d51e8557d766fd7dfb31d49540456bcaee38f55d02,data/subsets/round3e_electra/joint/ambiguous_frac0p333.jsonl,electra_small__ambiguous__frac0p333__seed21__same_epochs,ambiguous,results/round3e_electra_small/metrics/raw/electra_small__ambiguous__frac0p333__seed21__same_epochs__addsent.json,29.034605699173554,27.023614639694706,17.481682247015534,15.927197318592867
joint,results/round3e_electra_small/configs/electra_small__ambiguous__frac0p333__seed21__same_epochs.yaml,2026-05-23T05:59:08Z,sha256:940197b8001a1309109a52f2d51d1b3eb25d1db49950b24705dc8641f1c19502,data/qa/squad_dev.jsonl,run.py/custom_squad_postprocess,squad_dev,72.83822138126774,80.97490708130667,,google/electra-small-discriminator,electra_small,10570,3.0,results/round3e_electra_small/predictions/electra_small__ambiguous__frac0p333__seed21__same_epochs__squad_dev.jsonl,electra_small__ambiguous__frac0p333__seed21__same_epochs__squad_dev,21,,0.333,29170,same_epochs,sha256:02ad1c8063f710c0ca0d99d51e8557d766fd7dfb31d49540456bcaee38f55d02,data/subsets/round3e_electra/joint/ambiguous_frac0p333.jsonl,electra_small__ambiguous__frac0p333__seed21__same_epochs,ambiguous,results/round3e_electra_small/metrics/raw/electra_small__ambiguous__frac0p333__seed21__same_epochs__squad_dev.json,29.034605699173554,27.023614639694706,17.481682247015534,15.927197318592867
joint,results/round3e_electra_small/configs/electra_small__ambiguous__frac0p333__seed42__same_epochs.yaml,2026-05-23T06:07:25Z,sha256:fe4b4d10a7d1a5afed58183078a4fe10820af5537d4e28a82cab990673fb0d6c,data/qa/addonesent.jsonl,run.py/custom_squad_postprocess,addonesent,54.67263570229435,61.612702426378,,google/electra-small-discriminator,electra_small,1787,3.0,results/round3e_electra_small/predictions/electra_small__ambiguous__frac0p333__seed42__same_epochs__addonesent.jsonl,electra_small__ambiguous__frac0p333__seed42__same_epochs__addonesent,42,,0.333,29170,same_epochs,sha256:02ad1c8063f710c0ca0d99d51e8557d766fd7dfb31d49540456bcaee38f55d02,data/subsets/round3e_electra/joint/ambiguous_frac0p333.jsonl,electra_small__ambiguous__frac0p333__seed42__same_epochs,ambiguous,results/round3e_electra_small/metrics/raw/electra_small__ambiguous__frac0p333__seed42__same_epochs__addonesent.json,29.497315787501975,27.72147693812252,18.85461430997534,17.73985247178323
joint,results/round3e_electra_small/configs/electra_small__ambiguous__frac0p333__seed42__same_epochs.yaml,2026-05-23T06:06:28Z,sha256:698ce6f7c1779b1b83d253f1c1b3fc2058f278ec4e656dae445dc5c7a7de98df,data/qa/addsent.jsonl,run.py/custom_squad_postprocess,addsent,44.69101123595506,50.970000948851364,,google/electra-small-discriminator,electra_small,3560,3.0,results/round3e_electra_small/predictions/electra_small__ambiguous__frac0p333__seed42__same_epochs__addsent.jsonl,electra_small__ambiguous__frac0p333__seed42__same_epochs__addsent,42,,0.333,29170,same_epochs,sha256:02ad1c8063f710c0ca0d99d51e8557d766fd7dfb31d49540456bcaee38f55d02,data/subsets/round3e_electra/joint/ambiguous_frac0p333.jsonl,electra_small__ambiguous__frac0p333__seed42__same_epochs,ambiguous,results/round3e_electra_small/metrics/raw/electra_small__ambiguous__frac0p333__seed42__same_epochs__addsent.json,29.497315787501975,27.72147693812252,18.85461430997534,17.73985247178323
joint,results/round3e_electra_small/configs/electra_small__ambiguous__frac0p333__seed42__same_epochs.yaml,2026-05-23T06:05:28Z,sha256:940197b8001a1309109a52f2d51d1b3eb25d1db49950b24705dc8641f1c19502,data/qa/squad_dev.jsonl,run.py/custom_squad_postprocess,squad_dev,72.41248817407758,80.46731673635334,,google/electra-small-discriminator,electra_small,10570,3.0,results/round3e_electra_small/predictions/electra_small__ambiguous__frac0p333__seed42__same_epochs__squad_dev.jsonl,electra_small__ambiguous__frac0p333__seed42__same_epochs__squad_dev,42,,0.333,29170,same_epochs,sha256:02ad1c8063f710c0ca0d99d51e8557d766fd7dfb31d49540456bcaee38f55d02,data/subsets/round3e_electra/joint/ambiguous_frac0p333.jsonl,electra_small__ambiguous__frac0p333__seed42__same_epochs,ambiguous,results/round3e_electra_small/metrics/raw/electra_small__ambiguous__frac0p333__seed42__same_epochs__squad_dev.json,29.497315787501975,27.72147693812252,18.85461430997534,17.73985247178323
joint,results/round3e_electra_small/configs/electra_small__ambiguous__frac0p333__seed87__same_epochs.yaml,2026-05-23T06:13:54Z,sha256:fe4b4d10a7d1a5afed58183078a4fe10820af5537d4e28a82cab990673fb0d6c,data/qa/addonesent.jsonl,run.py/custom_squad_postprocess,addonesent,56.63122551762731,63.48278473102327,,google/electra-small-discriminator,electra_small,1787,3.0,results/round3e_electra_small/predictions/electra_small__ambiguous__frac0p333__seed87__same_epochs__addonesent.jsonl,electra_small__ambiguous__frac0p333__seed87__same_epochs__addonesent,87,,0.333,29170,same_epochs,sha256:02ad1c8063f710c0ca0d99d51e8557d766fd7dfb31d49540456bcaee38f55d02,data/subsets/round3e_electra/joint/ambiguous_frac0p333.jsonl,electra_small__ambiguous__frac0p333__seed87__same_epochs,ambiguous,results/round3e_electra_small/metrics/raw/electra_small__ambiguous__frac0p333__seed87__same_epochs__addonesent.json,28.441161227695197,26.507074293367914,17.56432877400023,16.05562405663948
joint,results/round3e_electra_small/configs/electra_small__ambiguous__frac0p333__seed87__same_epochs.yaml,2026-05-23T06:13:15Z,sha256:698ce6f7c1779b1b83d253f1c1b3fc2058f278ec4e656dae445dc5c7a7de98df,data/qa/addsent.jsonl,run.py/custom_squad_postprocess,addsent,46.17977528089887,52.605952277328306,,google/electra-small-discriminator,electra_small,3560,3.0,results/round3e_electra_small/predictions/electra_small__ambiguous__frac0p333__seed87__same_epochs__addsent.jsonl,electra_small__ambiguous__frac0p333__seed87__same_epochs__addsent,87,,0.333,29170,same_epochs,sha256:02ad1c8063f710c0ca0d99d51e8557d766fd7dfb31d49540456bcaee38f55d02,data/subsets/round3e_electra/joint/ambiguous_frac0p333.jsonl,electra_small__ambiguous__frac0p333__seed87__same_epochs,ambiguous,results/round3e_electra_small/metrics/raw/electra_small__ambiguous__frac0p333__seed87__same_epochs__addsent.json,28.441161227695197,26.507074293367914,17.56432877400023,16.05562405663948
joint,results/round3e_electra_small/configs/electra_small__ambiguous__frac0p333__seed87__same_epochs.yaml,2026-05-23T06:12:21Z,sha256:940197b8001a1309109a52f2d51d1b3eb25d1db49950b24705dc8641f1c19502,data/qa/squad_dev.jsonl,run.py/custom_squad_postprocess,squad_dev,72.68684957426679,81.0471135050235,,google/electra-small-discriminator,electra_small,10570,3.0,results/round3e_electra_small/predictions/electra_small__ambiguous__frac0p333__seed87__same_epochs__squad_dev.jsonl,electra_small__ambiguous__frac0p333__seed87__same_epochs__squad_dev,87,,0.333,29170,same_epochs,sha256:02ad1c8063f710c0ca0d99d51e8557d766fd7dfb31d49540456bcaee38f55d02,data/subsets/round3e_electra/joint/ambiguous_frac0p333.jsonl,electra_small__ambiguous__frac0p333__seed87__same_epochs,ambiguous,results/round3e_electra_small/metrics/raw/electra_small__ambiguous__frac0p333__seed87__same_epochs__squad_dev.json,28.441161227695197,26.507074293367914,17.56432877400023,16.05562405663948
joint,results/round3e_electra_small/configs/electra_small__easy__frac0p333__seed100__same_epochs.yaml,2026-05-23T05:47:39Z,sha256:fe4b4d10a7d1a5afed58183078a4fe10820af5537d4e28a82cab990673fb0d6c,data/qa/addonesent.jsonl,run.py/custom_squad_postprocess,addonesent,51.091214325685506,57.479877530736104,,google/electra-small-discriminator,electra_small,1787,3.0,results/round3e_electra_small/predictions/electra_small__easy__frac0p333__seed100__same_epochs__addonesent.jsonl,electra_small__easy__frac0p333__seed100__same_epochs__addonesent,100,,0.333,29170,same_epochs,sha256:41f6bc0ccbddcd0e799e97985a07e29c56cdce7807921adf8693efee89bec6c3,data/subsets/round3e_electra/joint/easy_frac0p333.jsonl,electra_small__easy__frac0p333__seed100__same_epochs,easy,results/round3e_electra_small/metrics/raw/electra_small__easy__frac0p333__seed100__same_epochs__addonesent.json,28.921097508838514,27.050482072433105,18.487087453870842,17.082863252365577
joint,results/round3e_electra_small/configs/electra_small__easy__frac0p333__seed100__same_epochs.yaml,2026-05-23T05:46:43Z,sha256:698ce6f7c1779b1b83d253f1c1b3fc2058f278ec4e656dae445dc5c7a7de98df,data/qa/addsent.jsonl,run.py/custom_squad_postprocess,addsent,41.12359550561798,47.04586747576843,,google/electra-small-discriminator,electra_small,3560,3.0,results/round3e_electra_small/predictions/electra_small__easy__frac0p333__seed100__same_epochs__addsent.jsonl,electra_small__easy__frac0p333__seed100__same_epochs__addsent,100,,0.333,29170,same_epochs,sha256:41f6bc0ccbddcd0e799e97985a07e29c56cdce7807921adf8693efee89bec6c3,data/subsets/round3e_electra/joint/easy_frac0p333.jsonl,electra_small__easy__frac0p333__seed100__same_epochs,easy,results/round3e_electra_small/metrics/raw/electra_small__easy__frac0p333__seed100__same_epochs__addsent.json,28.921097508838514,27.050482072433105,18.487087453870842,17.082863252365577
joint,results/round3e_electra_small/configs/electra_small__easy__frac0p333__seed100__same_epochs.yaml,2026-05-23T05:45:45Z,sha256:940197b8001a1309109a52f2d51d1b3eb25d1db49950b24705dc8641f1c19502,data/qa/squad_dev.jsonl,run.py/custom_squad_postprocess,squad_dev,68.17407757805108,75.96696498460695,,google/electra-small-discriminator,electra_small,10570,3.0,results/round3e_electra_small/predictions/electra_small__easy__frac0p333__seed100__same_epochs__squad_dev.jsonl,electra_small__easy__frac0p333__seed100__same_epochs__squad_dev,100,,0.333,29170,same_epochs,sha256:41f6bc0ccbddcd0e799e97985a07e29c56cdce7807921adf8693efee89bec6c3,data/subsets/round3e_electra/joint/easy_frac0p333.jsonl,electra_small__easy__frac0p333__seed100__same_epochs,easy,results/round3e_electra_small/metrics/raw/electra_small__easy__frac0p333__seed100__same_epochs__squad_dev.json,28.921097508838514,27.050482072433105,18.487087453870842,17.082863252365577
joint,results/round3e_electra_small/configs/electra_small__easy__frac0p333__seed13__same_epochs.yaml,2026-05-23T05:21:37Z,sha256:fe4b4d10a7d1a5afed58183078a4fe10820af5537d4e28a82cab990673fb0d6c,data/qa/addonesent.jsonl,run.py/custom_squad_postprocess,addonesent,51.03525461667599,57.608825038928394,,google/electra-small-discriminator,electra_small,1787,3.0,results/round3e_electra_small/predictions/electra_small__easy__frac0p333__seed13__same_epochs__addonesent.jsonl,electra_small__easy__frac0p333__seed13__same_epochs__addonesent,13,,0.333,29170,same_epochs,sha256:41f6bc0ccbddcd0e799e97985a07e29c56cdce7807921adf8693efee89bec6c3,data/subsets/round3e_electra/joint/easy_frac0p333.jsonl,electra_small__easy__frac0p333__seed13__same_epochs,easy,results/round3e_electra_small/metrics/raw/electra_small__easy__frac0p333__seed13__same_epochs__addonesent.json,29.489973587014205,27.5936506755392,18.429190313898964,17.14828369931265
joint,results/round3e_electra_small/configs/electra_small__easy__frac0p333__seed13__same_epochs.yaml,2026-05-23T05:20:45Z,sha256:698ce6f7c1779b1b83d253f1c1b3fc2058f278ec4e656dae445dc5c7a7de98df,data/qa/addsent.jsonl,run.py/custom_squad_postprocess,addsent,40.58988764044944,46.54804176581315,,google/electra-small-discriminator,electra_small,3560,3.0,results/round3e_electra_small/predictions/electra_small__easy__frac0p333__seed13__same_epochs__addsent.jsonl,electra_small__easy__frac0p333__seed13__same_epochs__addsent,13,,0.333,29170,same_epochs,sha256:41f6bc0ccbddcd0e799e97985a07e29c56cdce7807921adf8693efee89bec6c3,data/subsets/round3e_electra/joint/easy_frac0p333.jsonl,electra_small__easy__frac0p333__seed13__same_epochs,easy,results/round3e_electra_small/metrics/raw/electra_small__easy__frac0p333__seed13__same_epochs__addsent.json,29.489973587014205,27.5936506755392,18.429190313898964,17.14828369931265
joint,results/round3e_electra_small/configs/electra_small__easy__frac0p333__seed13__same_epochs.yaml,2026-05-23T05:19:46Z,sha256:940197b8001a1309109a52f2d51d1b3eb25d1db49950b24705dc8641f1c19502,data/qa/squad_dev.jsonl,run.py/custom_squad_postprocess,squad_dev,68.18353831598864,76.03801535282736,,google/electra-small-discriminator,electra_small,10570,3.0,results/round3e_electra_small/predictions/electra_small__easy__frac0p333__seed13__same_epochs__squad_dev.jsonl,electra_small__easy__frac0p333__seed13__same_epochs__squad_dev,13,,0.333,29170,same_epochs,sha256:41f6bc0ccbddcd0e799e97985a07e29c56cdce7807921adf8693efee89bec6c3,data/subsets/round3e_electra/joint/easy_frac0p333.jsonl,electra_small__easy__frac0p333__seed13__same_epochs,easy,results/round3e_electra_small/metrics/raw/electra_small__easy__frac0p333__seed13__same_epochs__squad_dev.json,29.489973587014205,27.5936506755392,18.429190313898964,17.14828369931265
joint,results/round3e_electra_small/configs/electra_small__easy__frac0p333__seed21__same_epochs.yaml,2026-05-23T05:28:09Z,sha256:fe4b4d10a7d1a5afed58183078a4fe10820af5537d4e28a82cab990673fb0d6c,data/qa/addonesent.jsonl,run.py/custom_squad_postprocess,addonesent,50.02797985450476,56.85372382048514,,google/electra-small-discriminator,electra_small,1787,3.0,results/round3e_electra_small/predictions/electra_small__easy__frac0p333__seed21__same_epochs__addonesent.jsonl,electra_small__easy__frac0p333__seed21__same_epochs__addonesent,21,,0.333,29170,same_epochs,sha256:41f6bc0ccbddcd0e799e97985a07e29c56cdce7807921adf8693efee89bec6c3,data/subsets/round3e_electra/joint/easy_frac0p333.jsonl,electra_small__easy__frac0p333__seed21__same_epochs,easy,results/round3e_electra_small/metrics/raw/electra_small__easy__frac0p333__seed21__same_epochs__addonesent.json,29.261649780241477,27.26906232393992,18.629660283451344,17.550071233480104
joint,results/round3e_electra_small/configs/electra_small__easy__frac0p333__seed21__same_epochs.yaml,2026-05-23T05:27:30Z,sha256:698ce6f7c1779b1b83d253f1c1b3fc2058f278ec4e656dae445dc5c7a7de98df,data/qa/addsent.jsonl,run.py/custom_squad_postprocess,addsent,40.30898876404494,46.22173432369501,,google/electra-small-discriminator,electra_small,3560,3.0,results/round3e_electra_small/predictions/electra_small__easy__frac0p333__seed21__same_epochs__addsent.jsonl,electra_small__easy__frac0p333__seed21__same_epochs__addsent,21,,0.333,29170,same_epochs,sha256:41f6bc0ccbddcd0e799e97985a07e29c56cdce7807921adf8693efee89bec6c3,data/subsets/round3e_electra/joint/easy_frac0p333.jsonl,electra_small__easy__frac0p333__seed21__same_epochs,easy,results/round3e_electra_small/metrics/raw/electra_small__easy__frac0p333__seed21__same_epochs__addsent.json,29.261649780241477,27.26906232393992,18.629660283451344,17.550071233480104
joint,results/round3e_electra_small/configs/electra_small__easy__frac0p333__seed21__same_epochs.yaml,2026-05-23T05:26:33Z,sha256:940197b8001a1309109a52f2d51d1b3eb25d1db49950b24705dc8641f1c19502,data/qa/squad_dev.jsonl,run.py/custom_squad_postprocess,squad_dev,67.57805108798486,75.48338410393649,,google/electra-small-discriminator,electra_small,10570,3.0,results/round3e_electra_small/predictions/electra_small__easy__frac0p333__seed21__same_epochs__squad_dev.jsonl,electra_small__easy__frac0p333__seed21__same_epochs__squad_dev,21,,0.333,29170,same_epochs,sha256:41f6bc0ccbddcd0e799e97985a07e29c56cdce7807921adf8693efee89bec6c3,data/subsets/round3e_electra/joint/easy_frac0p333.jsonl,electra_small__easy__frac0p333__seed21__same_epochs,easy,results/round3e_electra_small/metrics/raw/electra_small__easy__frac0p333__seed21__same_epochs__squad_dev.json,29.261649780241477,27.26906232393992,18.629660283451344,17.550071233480104
joint,results/round3e_electra_small/configs/electra_small__easy__frac0p333__seed42__same_epochs.yaml,2026-05-23T05:34:31Z,sha256:fe4b4d10a7d1a5afed58183078a4fe10820af5537d4e28a82cab990673fb0d6c,data/qa/addonesent.jsonl,run.py/custom_squad_postprocess,addonesent,50.25181869054281,56.590293178935475,,google/electra-small-discriminator,electra_small,1787,3.0,results/round3e_electra_small/predictions/electra_small__easy__frac0p333__seed42__same_epochs__addonesent.jsonl,electra_small__easy__frac0p333__seed42__same_epochs__addonesent,42,,0.333,29170,same_epochs,sha256:41f6bc0ccbddcd0e799e97985a07e29c56cdce7807921adf8693efee89bec6c3,data/subsets/round3e_electra/joint/easy_frac0p333.jsonl,electra_small__easy__frac0p333__seed42__same_epochs,easy,results/round3e_electra_small/metrics/raw/electra_small__easy__frac0p333__seed42__same_epochs__addonesent.json,30.073354883943068,28.21991963687774,19.137470647376496,17.827651508132682
joint,results/round3e_electra_small/configs/electra_small__easy__frac0p333__seed42__same_epochs.yaml,2026-05-23T05:33:47Z,sha256:698ce6f7c1779b1b83d253f1c1b3fc2058f278ec4e656dae445dc5c7a7de98df,data/qa/addsent.jsonl,run.py/custom_squad_postprocess,addsent,39.859550561797754,45.6544089423689,,google/electra-small-discriminator,electra_small,3560,3.0,results/round3e_electra_small/predictions/electra_small__easy__frac0p333__seed42__same_epochs__addsent.jsonl,electra_small__easy__frac0p333__seed42__same_epochs__addsent,42,,0.333,29170,same_epochs,sha256:41f6bc0ccbddcd0e799e97985a07e29c56cdce7807921adf8693efee89bec6c3,data/subsets/round3e_electra/joint/easy_frac0p333.jsonl,electra_small__easy__frac0p333__seed42__same_epochs,easy,results/round3e_electra_small/metrics/raw/electra_small__easy__frac0p333__seed42__same_epochs__addsent.json,30.073354883943068,28.21991963687774,19.137470647376496,17.827651508132682
joint,results/round3e_electra_small/configs/electra_small__easy__frac0p333__seed42__same_epochs.yaml,2026-05-23T05:32:50Z,sha256:940197b8001a1309109a52f2d51d1b3eb25d1db49950b24705dc8641f1c19502,data/qa/squad_dev.jsonl,run.py/custom_squad_postprocess,squad_dev,68.0794701986755,75.72776382631197,,google/electra-small-discriminator,electra_small,10570,3.0,results/round3e_electra_small/predictions/electra_small__easy__frac0p333__seed42__same_epochs__squad_dev.jsonl,electra_small__easy__frac0p333__seed42__same_epochs__squad_dev,42,,0.333,29170,same_epochs,sha256:41f6bc0ccbddcd0e799e97985a07e29c56cdce7807921adf8693efee89bec6c3,data/subsets/round3e_electra/joint/easy_frac0p333.jsonl,electra_small__easy__frac0p333__seed42__same_epochs,easy,results/round3e_electra_small/metrics/raw/electra_small__easy__frac0p333__seed42__same_epochs__squad_dev.json,30.073354883943068,28.21991963687774,19.137470647376496,17.827651508132682
joint,results/round3e_electra_small/configs/electra_small__easy__frac0p333__seed87__same_epochs.yaml,2026-05-23T05:41:08Z,sha256:fe4b4d10a7d1a5afed58183078a4fe10820af5537d4e28a82cab990673fb0d6c,data/qa/addonesent.jsonl,run.py/custom_squad_postprocess,addonesent,51.31505316172356,57.91773044233749,,google/electra-small-discriminator,electra_small,1787,3.0,results/round3e_electra_small/predictions/electra_small__easy__frac0p333__seed87__same_epochs__addonesent.jsonl,electra_small__easy__frac0p333__seed87__same_epochs__addonesent,87,,0.333,29170,same_epochs,sha256:41f6bc0ccbddcd0e799e97985a07e29c56cdce7807921adf8693efee89bec6c3,data/subsets/round3e_electra/joint/easy_frac0p333.jsonl,electra_small__easy__frac0p333__seed87__same_epochs,easy,results/round3e_electra_small/metrics/raw/electra_small__easy__frac0p333__seed87__same_epochs__addonesent.json,30.344778879095472,27.923022546320418,18.661933633362857,17.029317699203595
joint,results/round3e_electra_small/configs/electra_small__easy__frac0p333__seed87__same_epochs.yaml,2026-05-23T05:40:16Z,sha256:698ce6f7c1779b1b83d253f1c1b3fc2058f278ec4e656dae445dc5c7a7de98df,data/qa/addsent.jsonl,run.py/custom_squad_postprocess,addsent,40.42134831460674,46.23488519660488,,google/electra-small-discriminator,electra_small,3560,3.0,results/round3e_electra_small/predictions/electra_small__easy__frac0p333__seed87__same_epochs__addsent.jsonl,electra_small__easy__frac0p333__seed87__same_epochs__addsent,87,,0.333,29170,same_epochs,sha256:41f6bc0ccbddcd0e799e97985a07e29c56cdce7807921adf8693efee89bec6c3,data/subsets/round3e_electra/joint/easy_frac0p333.jsonl,electra_small__easy__frac0p333__seed87__same_epochs,easy,results/round3e_electra_small/metrics/raw/electra_small__easy__frac0p333__seed87__same_epochs__addsent.json,30.344778879095472,27.923022546320418,18.661933633362857,17.029317699203595
joint,results/round3e_electra_small/configs/electra_small__easy__frac0p333__seed87__same_epochs.yaml,2026-05-23T05:39:21Z,sha256:940197b8001a1309109a52f2d51d1b3eb25d1db49950b24705dc8641f1c19502,data/qa/squad_dev.jsonl,run.py/custom_squad_postprocess,squad_dev,68.34437086092716,76.57966407570035,,google/electra-small-discriminator,electra_small,10570,3.0,results/round3e_electra_small/predictions/electra_small__easy__frac0p333__seed87__same_epochs__squad_dev.jsonl,electra_small__easy__frac0p333__seed87__same_epochs__squad_dev,87,,0.333,29170,same_epochs,sha256:41f6bc0ccbddcd0e799e97985a07e29c56cdce7807921adf8693efee89bec6c3,data/subsets/round3e_electra/joint/easy_frac0p333.jsonl,electra_small__easy__frac0p333__seed87__same_epochs,easy,results/round3e_electra_small/metrics/raw/electra_small__easy__frac0p333__seed87__same_epochs__squad_dev.json,30.344778879095472,27.923022546320418,18.661933633362857,17.029317699203595
joint,results/round3e_electra_small/configs/electra_small__full__frac1__seed100__same_epochs.yaml,2026-05-23T01:45:50Z,sha256:fe4b4d10a7d1a5afed58183078a4fe10820af5537d4e28a82cab990673fb0d6c,data/qa/addonesent.jsonl,run.py/custom_squad_postprocess,addonesent,60.99608282036933,68.79336891376339,,google/electra-small-discriminator,electra_small,1787,3.0,results/round3e_electra_small/predictions/electra_small__full__frac1__seed100__same_epochs__addonesent.jsonl,electra_small__full__frac1__seed100__same_epochs__addonesent,100,,1.0,87599,same_epochs,sha256:b6437a4d09a830d1e981cbffaeec7290aba72a15e419289db24e250f5ee775b1,data/qa/squad_train.jsonl,electra_small__full__frac1__seed100__same_epochs,full,results/round3e_electra_small/metrics/raw/electra_small__full__frac1__seed100__same_epochs__addonesent.json,26.457080922991963,25.85013765905201,16.339377825349573,16.090009894862455
joint,results/round3e_electra_small/configs/electra_small__full__frac1__seed100__same_epochs.yaml,2026-05-23T01:44:55Z,sha256:698ce6f7c1779b1b83d253f1c1b3fc2058f278ec4e656dae445dc5c7a7de98df,data/qa/addsent.jsonl,run.py/custom_squad_postprocess,addsent,51.235955056179776,58.675665816121,,google/electra-small-discriminator,electra_small,3560,3.0,results/round3e_electra_small/predictions/electra_small__full__frac1__seed100__same_epochs__addsent.jsonl,electra_small__full__frac1__seed100__same_epochs__addsent,100,,1.0,87599,same_epochs,sha256:b6437a4d09a830d1e981cbffaeec7290aba72a15e419289db24e250f5ee775b1,data/qa/squad_train.jsonl,electra_small__full__frac1__seed100__same_epochs,full,results/round3e_electra_small/metrics/raw/electra_small__full__frac1__seed100__same_epochs__addsent.json,26.457080922991963,25.85013765905201,16.339377825349573,16.090009894862455
joint,results/round3e_electra_small/configs/electra_small__full__frac1__seed100__same_epochs.yaml,2026-05-23T01:43:56Z,sha256:940197b8001a1309109a52f2d51d1b3eb25d1db49950b24705dc8641f1c19502,data/qa/squad_dev.jsonl,run.py/custom_squad_postprocess,squad_dev,77.08609271523179,85.13274673911296,,google/electra-small-discriminator,electra_small,10570,3.0,results/round3e_electra_small/predictions/electra_small__full__frac1__seed100__same_epochs__squad_dev.jsonl,electra_small__full__frac1__seed100__same_epochs__squad_dev,100,,1.0,87599,same_epochs,sha256:b6437a4d09a830d1e981cbffaeec7290aba72a15e419289db24e250f5ee775b1,data/qa/squad_train.jsonl,electra_small__full__frac1__seed100__same_epochs,full,results/round3e_electra_small/metrics/raw/electra_small__full__frac1__seed100__same_epochs__squad_dev.json,26.457080922991963,25.85013765905201,16.339377825349573,16.090009894862455
joint,results/round3e_electra_small/configs/electra_small__full__frac1__seed13__same_epochs.yaml,2026-05-23T01:05:07Z,sha256:fe4b4d10a7d1a5afed58183078a4fe10820af5537d4e28a82cab990673fb0d6c,data/qa/addonesent.jsonl,run.py/custom_squad_postprocess,addonesent,59.93284834918858,67.18171910506966,,google/electra-small-discriminator,electra_small,1787,3.0,results/round3e_electra_small/predictions/electra_small__full__frac1__seed13__same_epochs__addonesent.jsonl,electra_small__full__frac1__seed13__same_epochs__addonesent,13,,1.0,87599,same_epochs,sha256:b6437a4d09a830d1e981cbffaeec7290aba72a15e419289db24e250f5ee775b1,data/qa/squad_train.jsonl,electra_small__full__frac1__seed13__same_epochs,full,results/round3e_electra_small/metrics/raw/electra_small__full__frac1__seed13__same_epochs__addonesent.json,27.884118502199833,26.852789854687316,17.95901696857632,17.228930269543675
joint,results/round3e_electra_small/configs/electra_small__full__frac1__seed13__same_epochs.yaml,2026-05-23T01:04:12Z,sha256:698ce6f7c1779b1b83d253f1c1b3fc2058f278ec4e656dae445dc5c7a7de98df,data/qa/addsent.jsonl,run.py/custom_squad_postprocess,addsent,50.30898876404494,57.25661757144615,,google/electra-small-discriminator,electra_small,3560,3.0,results/round3e_electra_small/predictions/electra_small__full__frac1__seed13__same_epochs__addsent.jsonl,electra_small__full__frac1__seed13__same_epochs__addsent,13,,1.0,87599,same_epochs,sha256:b6437a4d09a830d1e981cbffaeec7290aba72a15e419289db24e250f5ee775b1,data/qa/squad_train.jsonl,electra_small__full__frac1__seed13__same_epochs,full,results/round3e_electra_small/metrics/raw/electra_small__full__frac1__seed13__same_epochs__addsent.json,27.884118502199833,26.852789854687316,17.95901696857632,17.228930269543675
joint,results/round3e_electra_small/configs/electra_small__full__frac1__seed13__same_epochs.yaml,2026-05-23T01:03:12Z,sha256:940197b8001a1309109a52f2d51d1b3eb25d1db49950b24705dc8641f1c19502,data/qa/squad_dev.jsonl,run.py/custom_squad_postprocess,squad_dev,77.16177861873226,85.14073607364598,,google/electra-small-discriminator,electra_small,10570,3.0,results/round3e_electra_small/predictions/electra_small__full__frac1__seed13__same_epochs__squad_dev.jsonl,electra_small__full__frac1__seed13__same_epochs__squad_dev,13,,1.0,87599,same_epochs,sha256:b6437a4d09a830d1e981cbffaeec7290aba72a15e419289db24e250f5ee775b1,data/qa/squad_train.jsonl,electra_small__full__frac1__seed13__same_epochs,full,results/round3e_electra_small/metrics/raw/electra_small__full__frac1__seed13__same_epochs__squad_dev.json,27.884118502199833,26.852789854687316,17.95901696857632,17.228930269543675
joint,results/round3e_electra_small/configs/electra_small__full__frac1__seed21__same_epochs.yaml,2026-05-23T01:17:48Z,sha256:fe4b4d10a7d1a5afed58183078a4fe10820af5537d4e28a82cab990673fb0d6c,data/qa/addonesent.jsonl,run.py/custom_squad_postprocess,addonesent,60.940123111359824,68.4356167334538,,google/electra-small-discriminator,electra_small,1787,3.0,results/round3e_electra_small/predictions/electra_small__full__frac1__seed21__same_epochs__addonesent.jsonl,electra_small__full__frac1__seed21__same_epochs__addonesent,21,,1.0,87599,same_epochs,sha256:b6437a4d09a830d1e981cbffaeec7290aba72a15e419289db24e250f5ee775b1,data/qa/squad_train.jsonl,electra_small__full__frac1__seed21__same_epochs,full,results/round3e_electra_small/metrics/raw/electra_small__full__frac1__seed21__same_epochs__addonesent.json,26.308780891014756,25.23479106651218,17.031679774429776,16.401409528186065
joint,results/round3e_electra_small/configs/electra_small__full__frac1__seed21__same_epochs.yaml,2026-05-23T01:16:51Z,sha256:698ce6f7c1779b1b83d253f1c1b3fc2058f278ec4e656dae445dc5c7a7de98df,data/qa/addsent.jsonl,run.py/custom_squad_postprocess,addsent,52.10674157303371,59.15851561686882,,google/electra-small-discriminator,electra_small,3560,3.0,results/round3e_electra_small/predictions/electra_small__full__frac1__seed21__same_epochs__addsent.jsonl,electra_small__full__frac1__seed21__same_epochs__addsent,21,,1.0,87599,same_epochs,sha256:b6437a4d09a830d1e981cbffaeec7290aba72a15e419289db24e250f5ee775b1,data/qa/squad_train.jsonl,electra_small__full__frac1__seed21__same_epochs,full,results/round3e_electra_small/metrics/raw/electra_small__full__frac1__seed21__same_epochs__addsent.json,26.308780891014756,25.23479106651218,17.031679774429776,16.401409528186065
joint,results/round3e_electra_small/configs/electra_small__full__frac1__seed21__same_epochs.yaml,2026-05-23T01:15:49Z,sha256:940197b8001a1309109a52f2d51d1b3eb25d1db49950b24705dc8641f1c19502,data/qa/squad_dev.jsonl,run.py/custom_squad_postprocess,squad_dev,77.34153263954589,85.46729650788357,,google/electra-small-discriminator,electra_small,10570,3.0,results/round3e_electra_small/predictions/electra_small__full__frac1__seed21__same_epochs__squad_dev.jsonl,electra_small__full__frac1__seed21__same_epochs__squad_dev,21,,1.0,87599,same_epochs,sha256:b6437a4d09a830d1e981cbffaeec7290aba72a15e419289db24e250f5ee775b1,data/qa/squad_train.jsonl,electra_small__full__frac1__seed21__same_epochs,full,results/round3e_electra_small/metrics/raw/electra_small__full__frac1__seed21__same_epochs__squad_dev.json,26.308780891014756,25.23479106651218,17.031679774429776,16.401409528186065
joint,results/round3e_electra_small/configs/electra_small__full__frac1__seed42__same_epochs.yaml,2026-05-23T01:21:01Z,sha256:fe4b4d10a7d1a5afed58183078a4fe10820af5537d4e28a82cab990673fb0d6c,data/qa/addonesent.jsonl,run.py/custom_squad_postprocess,addonesent,60.8282036933408,68.23001412838192,,google/electra-small-discriminator,electra_small,1787,3.0,results/round3e_electra_small/predictions/electra_small__full__frac1__seed42__same_epochs__addonesent.jsonl,electra_small__full__frac1__seed42__same_epochs__addonesent,42,,1.0,87599,same_epochs,sha256:b6437a4d09a830d1e981cbffaeec7290aba72a15e419289db24e250f5ee775b1,data/qa/squad_train.jsonl,electra_small__full__frac1__seed42__same_epochs,full,results/round3e_electra_small/metrics/raw/electra_small__full__frac1__seed42__same_epochs__addonesent.json,26.677469477115267,25.694566985213612,17.158188456300323,16.60793632558068
joint,results/round3e_electra_small/configs/electra_small__full__frac1__seed42__same_epochs.yaml,2026-05-23T01:20:06Z,sha256:698ce6f7c1779b1b83d253f1c1b3fc2058f278ec4e656dae445dc5c7a7de98df,data/qa/addsent.jsonl,run.py/custom_squad_postprocess,addsent,51.741573033707866,58.71073310756698,,google/electra-small-discriminator,electra_small,3560,3.0,results/round3e_electra_small/predictions/electra_small__full__frac1__seed42__same_epochs__addsent.jsonl,electra_small__full__frac1__seed42__same_epochs__addsent,42,,1.0,87599,same_epochs,sha256:b6437a4d09a830d1e981cbffaeec7290aba72a15e419289db24e250f5ee775b1,data/qa/squad_train.jsonl,electra_small__full__frac1__seed42__same_epochs,full,results/round3e_electra_small/metrics/raw/electra_small__full__frac1__seed42__same_epochs__addsent.json,26.677469477115267,25.694566985213612,17.158188456300323,16.60793632558068
joint,results/round3e_electra_small/configs/electra_small__full__frac1__seed42__same_epochs.yaml,2026-05-23T01:19:03Z,sha256:940197b8001a1309109a52f2d51d1b3eb25d1db49950b24705dc8641f1c19502,data/qa/squad_dev.jsonl,run.py/custom_squad_postprocess,squad_dev,77.43614001892148,85.38820258468225,,google/electra-small-discriminator,electra_small,10570,3.0,results/round3e_electra_small/predictions/electra_small__full__frac1__seed42__same_epochs__squad_dev.jsonl,electra_small__full__frac1__seed42__same_epochs__squad_dev,42,,1.0,87599,same_epochs,sha256:b6437a4d09a830d1e981cbffaeec7290aba72a15e419289db24e250f5ee775b1,data/qa/squad_train.jsonl,electra_small__full__frac1__seed42__same_epochs,full,results/round3e_electra_small/metrics/raw/electra_small__full__frac1__seed42__same_epochs__squad_dev.json,26.677469477115267,25.694566985213612,17.158188456300323,16.60793632558068
joint,results/round3e_electra_small/configs/electra_small__full__frac1__seed87__same_epochs.yaml,2026-05-23T01:33:17Z,sha256:fe4b4d10a7d1a5afed58183078a4fe10820af5537d4e28a82cab990673fb0d6c,data/qa/addonesent.jsonl,run.py/custom_squad_postprocess,addonesent,62.674874090654725,68.98458497803968,,google/electra-small-discriminator,electra_small,1787,3.0,results/round3e_electra_small/predictions/electra_small__full__frac1__seed87__same_epochs__addonesent.jsonl,electra_small__full__frac1__seed87__same_epochs__addonesent,87,,1.0,87599,same_epochs,sha256:b6437a4d09a830d1e981cbffaeec7290aba72a15e419289db24e250f5ee775b1,data/qa/squad_train.jsonl,electra_small__full__frac1__seed87__same_epochs,full,results/round3e_electra_small/metrics/raw/electra_small__full__frac1__seed87__same_epochs__addonesent.json,26.5961881406489,25.160859120045075,16.33143114575327,14.761265928266752
joint,results/round3e_electra_small/configs/electra_small__full__frac1__seed87__same_epochs.yaml,2026-05-23T01:32:23Z,sha256:698ce6f7c1779b1b83d253f1c1b3fc2058f278ec4e656dae445dc5c7a7de98df,data/qa/addsent.jsonl,run.py/custom_squad_postprocess,addsent,52.2752808988764,58.71982798314405,,google/electra-small-discriminator,electra_small,3560,3.0,results/round3e_electra_small/predictions/electra_small__full__frac1__seed87__same_epochs__addsent.jsonl,electra_small__full__frac1__seed87__same_epochs__addsent,87,,1.0,87599,same_epochs,sha256:b6437a4d09a830d1e981cbffaeec7290aba72a15e419289db24e250f5ee775b1,data/qa/squad_train.jsonl,electra_small__full__frac1__seed87__same_epochs,full,results/round3e_electra_small/metrics/raw/electra_small__full__frac1__seed87__same_epochs__addsent.json,26.5961881406489,25.160859120045075,16.33143114575327,14.761265928266752
joint,results/round3e_electra_small/configs/electra_small__full__frac1__seed87__same_epochs.yaml,2026-05-23T01:31:26Z,sha256:940197b8001a1309109a52f2d51d1b3eb25d1db49950b24705dc8641f1c19502,data/qa/squad_dev.jsonl,run.py/custom_squad_postprocess,squad_dev,77.43614001892148,85.31601612379295,,google/electra-small-discriminator,electra_small,10570,3.0,results/round3e_electra_small/predictions/electra_small__full__frac1__seed87__same_epochs__squad_dev.jsonl,electra_small__full__frac1__seed87__same_epochs__squad_dev,87,,1.0,87599,same_epochs,sha256:b6437a4d09a830d1e981cbffaeec7290aba72a15e419289db24e250f5ee775b1,data/qa/squad_train.jsonl,electra_small__full__frac1__seed87__same_epochs,full,results/round3e_electra_small/metrics/raw/electra_small__full__frac1__seed87__same_epochs__squad_dev.json,26.5961881406489,25.160859120045075,16.33143114575327,14.761265928266752
joint,results/round3e_electra_small/configs/electra_small__hard__frac0p333__seed100__same_epochs.yaml,2026-05-23T06:52:50Z,sha256:fe4b4d10a7d1a5afed58183078a4fe10820af5537d4e28a82cab990673fb0d6c,data/qa/addonesent.jsonl,run.py/custom_squad_postprocess,addonesent,42.47341913822048,56.29913036822006,,google/electra-small-discriminator,electra_small,1787,3.0,results/round3e_electra_small/predictions/electra_small__hard__frac0p333__seed100__same_epochs__addonesent.jsonl,electra_small__hard__frac0p333__seed100__same_epochs__addonesent,100,,0.333,29170,same_epochs,sha256:efbe5fb0c5d410ed3f0f30698039c8a9496b3999a88304a34fa0ce174748b298,data/subsets/round3e_electra/joint/hard_frac0p333.jsonl,electra_small__hard__frac0p333__seed100__same_epochs,hard,results/round3e_electra_small/metrics/raw/electra_small__hard__frac0p333__seed100__same_epochs__addonesent.json,22.766830398756838,19.704219063918444,15.251701038981551,13.354395431315943
joint,results/round3e_electra_small/configs/electra_small__hard__frac0p333__seed100__same_epochs.yaml,2026-05-23T06:51:56Z,sha256:698ce6f7c1779b1b83d253f1c1b3fc2058f278ec4e656dae445dc5c7a7de98df,data/qa/addsent.jsonl,run.py/custom_squad_postprocess,addsent,36.12359550561798,48.784001008444775,,google/electra-small-discriminator,electra_small,3560,3.0,results/round3e_electra_small/predictions/electra_small__hard__frac0p333__seed100__same_epochs__addsent.jsonl,electra_small__hard__frac0p333__seed100__same_epochs__addsent,100,,0.333,29170,same_epochs,sha256:efbe5fb0c5d410ed3f0f30698039c8a9496b3999a88304a34fa0ce174748b298,data/subsets/round3e_electra/joint/hard_frac0p333.jsonl,electra_small__hard__frac0p333__seed100__same_epochs,hard,results/round3e_electra_small/metrics/raw/electra_small__hard__frac0p333__seed100__same_epochs__addsent.json,22.766830398756838,19.704219063918444,15.251701038981551,13.354395431315943
joint,results/round3e_electra_small/configs/electra_small__hard__frac0p333__seed100__same_epochs.yaml,2026-05-23T06:50:56Z,sha256:940197b8001a1309109a52f2d51d1b3eb25d1db49950b24705dc8641f1c19502,data/qa/squad_dev.jsonl,run.py/custom_squad_postprocess,squad_dev,55.82781456953642,71.55083140720161,,google/electra-small-discriminator,electra_small,10570,3.0,results/round3e_electra_small/predictions/electra_small__hard__frac0p333__seed100__same_epochs__squad_dev.jsonl,electra_small__hard__frac0p333__seed100__same_epochs__squad_dev,100,,0.333,29170,same_epochs,sha256:efbe5fb0c5d410ed3f0f30698039c8a9496b3999a88304a34fa0ce174748b298,data/subsets/round3e_electra/joint/hard_frac0p333.jsonl,electra_small__hard__frac0p333__seed100__same_epochs,hard,results/round3e_electra_small/metrics/raw/electra_small__hard__frac0p333__seed100__same_epochs__squad_dev.json,22.766830398756838,19.704219063918444,15.251701038981551,13.354395431315943
joint,results/round3e_electra_small/configs/electra_small__hard__frac0p333__seed13__same_epochs.yaml,2026-05-23T06:26:30Z,sha256:fe4b4d10a7d1a5afed58183078a4fe10820af5537d4e28a82cab990673fb0d6c,data/qa/addonesent.jsonl,run.py/custom_squad_postprocess,addonesent,43.928371572467825,57.95258228899758,,google/electra-small-discriminator,electra_small,1787,3.0,results/round3e_electra_small/predictions/electra_small__hard__frac0p333__seed13__same_epochs__addonesent.jsonl,electra_small__hard__frac0p333__seed13__same_epochs__addonesent,13,,0.333,29170,same_epochs,sha256:efbe5fb0c5d410ed3f0f30698039c8a9496b3999a88304a34fa0ce174748b298,data/subsets/round3e_electra/joint/hard_frac0p333.jsonl,electra_small__hard__frac0p333__seed13__same_epochs,hard,results/round3e_electra_small/metrics/raw/electra_small__hard__frac0p333__seed13__same_epochs__addonesent.json,22.731520011028287,19.80544364482902,15.17203573281278,13.545611398203889
joint,results/round3e_electra_small/configs/electra_small__hard__frac0p333__seed13__same_epochs.yaml,2026-05-23T06:25:50Z,sha256:698ce6f7c1779b1b83d253f1c1b3fc2058f278ec4e656dae445dc5c7a7de98df,data/qa/addsent.jsonl,run.py/custom_squad_postprocess,addsent,37.668539325842694,50.393098010782076,,google/electra-small-discriminator,electra_small,3560,3.0,results/round3e_electra_small/predictions/electra_small__hard__frac0p333__seed13__same_epochs__addsent.jsonl,electra_small__hard__frac0p333__seed13__same_epochs__addsent,13,,0.333,29170,same_epochs,sha256:efbe5fb0c5d410ed3f0f30698039c8a9496b3999a88304a34fa0ce174748b298,data/subsets/round3e_electra/joint/hard_frac0p333.jsonl,electra_small__hard__frac0p333__seed13__same_epochs,hard,results/round3e_electra_small/metrics/raw/electra_small__hard__frac0p333__seed13__same_epochs__addsent.json,22.731520011028287,19.80544364482902,15.17203573281278,13.545611398203889
joint,results/round3e_electra_small/configs/electra_small__hard__frac0p333__seed13__same_epochs.yaml,2026-05-23T06:24:51Z,sha256:940197b8001a1309109a52f2d51d1b3eb25d1db49950b24705dc8641f1c19502,data/qa/squad_dev.jsonl,run.py/custom_squad_postprocess,squad_dev,57.47398297067171,73.12461802181036,,google/electra-small-discriminator,electra_small,10570,3.0,results/round3e_electra_small/predictions/electra_small__hard__frac0p333__seed13__same_epochs__squad_dev.jsonl,electra_small__hard__frac0p333__seed13__same_epochs__squad_dev,13,,0.333,29170,same_epochs,sha256:efbe5fb0c5d410ed3f0f30698039c8a9496b3999a88304a34fa0ce174748b298,data/subsets/round3e_electra/joint/hard_frac0p333.jsonl,electra_small__hard__frac0p333__seed13__same_epochs,hard,results/round3e_electra_small/metrics/raw/electra_small__hard__frac0p333__seed13__same_epochs__squad_dev.json,22.731520011028287,19.80544364482902,15.17203573281278,13.545611398203889
joint,results/round3e_electra_small/configs/electra_small__hard__frac0p333__seed21__same_epochs.yaml,2026-05-23T06:32:54Z,sha256:fe4b4d10a7d1a5afed58183078a4fe10820af5537d4e28a82cab990673fb0d6c,data/qa/addonesent.jsonl,run.py/custom_squad_postprocess,addonesent,42.47341913822048,55.96503651314506,,google/electra-small-discriminator,electra_small,1787,3.0,results/round3e_electra_small/predictions/electra_small__hard__frac0p333__seed21__same_epochs__addonesent.jsonl,electra_small__hard__frac0p333__seed21__same_epochs__addonesent,21,,0.333,29170,same_epochs,sha256:efbe5fb0c5d410ed3f0f30698039c8a9496b3999a88304a34fa0ce174748b298,data/subsets/round3e_electra/joint/hard_frac0p333.jsonl,electra_small__hard__frac0p333__seed21__same_epochs,hard,results/round3e_electra_small/metrics/raw/electra_small__hard__frac0p333__seed21__same_epochs__addonesent.json,23.888409309998863,20.43806405663687,15.874333713415517,13.694981997068076
joint,results/round3e_electra_small/configs/electra_small__hard__frac0p333__seed21__same_epochs.yaml,2026-05-23T06:32:01Z,sha256:698ce6f7c1779b1b83d253f1c1b3fc2058f278ec4e656dae445dc5c7a7de98df,data/qa/addsent.jsonl,run.py/custom_squad_postprocess,addsent,35.73033707865169,47.95096091656171,,google/electra-small-discriminator,electra_small,3560,3.0,results/round3e_electra_small/predictions/electra_small__hard__frac0p333__seed21__same_epochs__addsent.jsonl,electra_small__hard__frac0p333__seed21__same_epochs__addsent,21,,0.333,29170,same_epochs,sha256:efbe5fb0c5d410ed3f0f30698039c8a9496b3999a88304a34fa0ce174748b298,data/subsets/round3e_electra/joint/hard_frac0p333.jsonl,electra_small__hard__frac0p333__seed21__same_epochs,hard,results/round3e_electra_small/metrics/raw/electra_small__hard__frac0p333__seed21__same_epochs__addsent.json,23.888409309998863,20.43806405663687,15.874333713415517,13.694981997068076
joint,results/round3e_electra_small/configs/electra_small__hard__frac0p333__seed21__same_epochs.yaml,2026-05-23T06:31:06Z,sha256:940197b8001a1309109a52f2d51d1b3eb25d1db49950b24705dc8641f1c19502,data/qa/squad_dev.jsonl,run.py/custom_squad_postprocess,squad_dev,56.168401135288555,71.83937022656058,,google/electra-small-discriminator,electra_small,10570,3.0,results/round3e_electra_small/predictions/electra_small__hard__frac0p333__seed21__same_epochs__squad_dev.jsonl,electra_small__hard__frac0p333__seed21__same_epochs__squad_dev,21,,0.333,29170,same_epochs,sha256:efbe5fb0c5d410ed3f0f30698039c8a9496b3999a88304a34fa0ce174748b298,data/subsets/round3e_electra/joint/hard_frac0p333.jsonl,electra_small__hard__frac0p333__seed21__same_epochs,hard,results/round3e_electra_small/metrics/raw/electra_small__hard__frac0p333__seed21__same_epochs__squad_dev.json,23.888409309998863,20.43806405663687,15.874333713415517,13.694981997068076
joint,results/round3e_electra_small/configs/electra_small__hard__frac0p333__seed42__same_epochs.yaml,2026-05-23T06:39:27Z,sha256:fe4b4d10a7d1a5afed58183078a4fe10820af5537d4e28a82cab990673fb0d6c,data/qa/addonesent.jsonl,run.py/custom_squad_postprocess,addonesent,43.20089535534415,57.362215385491915,,google/electra-small-discriminator,electra_small,1787,3.0,results/round3e_electra_small/predictions/electra_small__hard__frac0p333__seed42__same_epochs__addonesent.jsonl,electra_small__hard__frac0p333__seed42__same_epochs__addonesent,42,,0.333,29170,same_epochs,sha256:efbe5fb0c5d410ed3f0f30698039c8a9496b3999a88304a34fa0ce174748b298,data/subsets/round3e_electra/joint/hard_frac0p333.jsonl,electra_small__hard__frac0p333__seed42__same_epochs,hard,results/round3e_electra_small/metrics/raw/electra_small__hard__frac0p333__seed42__same_epochs__addonesent.json,23.263936882923694,20.349595526878062,15.318626483063646,13.468924890635037
joint,results/round3e_electra_small/configs/electra_small__hard__frac0p333__seed42__same_epochs.yaml,2026-05-23T06:38:35Z,sha256:698ce6f7c1779b1b83d253f1c1b3fc2058f278ec4e656dae445dc5c7a7de98df,data/qa/addsent.jsonl,run.py/custom_squad_postprocess,addsent,36.32022471910113,49.41690498563187,,google/electra-small-discriminator,electra_small,3560,3.0,results/round3e_electra_small/predictions/electra_small__hard__frac0p333__seed42__same_epochs__addsent.jsonl,electra_small__hard__frac0p333__seed42__same_epochs__addsent,42,,0.333,29170,same_epochs,sha256:efbe5fb0c5d410ed3f0f30698039c8a9496b3999a88304a34fa0ce174748b298,data/subsets/round3e_electra/joint/hard_frac0p333.jsonl,electra_small__hard__frac0p333__seed42__same_epochs,hard,results/round3e_electra_small/metrics/raw/electra_small__hard__frac0p333__seed42__same_epochs__addsent.json,23.263936882923694,20.349595526878062,15.318626483063646,13.468924890635037
joint,results/round3e_electra_small/configs/electra_small__hard__frac0p333__seed42__same_epochs.yaml,2026-05-23T06:37:36Z,sha256:940197b8001a1309109a52f2d51d1b3eb25d1db49950b24705dc8641f1c19502,data/qa/squad_dev.jsonl,run.py/custom_squad_postprocess,squad_dev,56.66982024597919,72.68084186855556,,google/electra-small-discriminator,electra_small,10570,3.0,results/round3e_electra_small/predictions/electra_small__hard__frac0p333__seed42__same_epochs__squad_dev.jsonl,electra_small__hard__frac0p333__seed42__same_epochs__squad_dev,42,,0.333,29170,same_epochs,sha256:efbe5fb0c5d410ed3f0f30698039c8a9496b3999a88304a34fa0ce174748b298,data/subsets/round3e_electra/joint/hard_frac0p333.jsonl,electra_small__hard__frac0p333__seed42__same_epochs,hard,results/round3e_electra_small/metrics/raw/electra_small__hard__frac0p333__seed42__same_epochs__squad_dev.json,23.263936882923694,20.349595526878062,15.318626483063646,13.468924890635037
joint,results/round3e_electra_small/configs/electra_small__hard__frac0p333__seed87__same_epochs.yaml,2026-05-23T06:45:59Z,sha256:fe4b4d10a7d1a5afed58183078a4fe10820af5537d4e28a82cab990673fb0d6c,data/qa/addonesent.jsonl,run.py/custom_squad_postprocess,addonesent,44.76776720761052,58.049256510783344,,google/electra-small-discriminator,electra_small,1787,3.0,results/round3e_electra_small/predictions/electra_small__hard__frac0p333__seed87__same_epochs__addonesent.jsonl,electra_small__hard__frac0p333__seed87__same_epochs__addonesent,87,,0.333,29170,same_epochs,sha256:efbe5fb0c5d410ed3f0f30698039c8a9496b3999a88304a34fa0ce174748b298,data/subsets/round3e_electra/joint/hard_frac0p333.jsonl,electra_small__hard__frac0p333__seed87__same_epochs,hard,results/round3e_electra_small/metrics/raw/electra_small__hard__frac0p333__seed87__same_epochs__addonesent.json,24.259786186693795,21.158621496072193,16.00141565802644,14.087483501944824
joint,results/round3e_electra_small/configs/electra_small__hard__frac0p333__seed87__same_epochs.yaml,2026-05-23T06:45:06Z,sha256:698ce6f7c1779b1b83d253f1c1b3fc2058f278ec4e656dae445dc5c7a7de98df,data/qa/addsent.jsonl,run.py/custom_squad_postprocess,addsent,37.69662921348315,49.79088598211599,,google/electra-small-discriminator,electra_small,3560,3.0,results/round3e_electra_small/predictions/electra_small__hard__frac0p333__seed87__same_epochs__addsent.jsonl,electra_small__hard__frac0p333__seed87__same_epochs__addsent,87,,0.333,29170,same_epochs,sha256:efbe5fb0c5d410ed3f0f30698039c8a9496b3999a88304a34fa0ce174748b298,data/subsets/round3e_electra/joint/hard_frac0p333.jsonl,electra_small__hard__frac0p333__seed87__same_epochs,hard,results/round3e_electra_small/metrics/raw/electra_small__hard__frac0p333__seed87__same_epochs__addsent.json,24.259786186693795,21.158621496072193,16.00141565802644,14.087483501944824
joint,results/round3e_electra_small/configs/electra_small__hard__frac0p333__seed87__same_epochs.yaml,2026-05-23T06:44:08Z,sha256:940197b8001a1309109a52f2d51d1b3eb25d1db49950b24705dc8641f1c19502,data/qa/squad_dev.jsonl,run.py/custom_squad_postprocess,squad_dev,58.85525070955534,74.05067216880978,,google/electra-small-discriminator,electra_small,10570,3.0,results/round3e_electra_small/predictions/electra_small__hard__frac0p333__seed87__same_epochs__squad_dev.jsonl,electra_small__hard__frac0p333__seed87__same_epochs__squad_dev,87,,0.333,29170,same_epochs,sha256:efbe5fb0c5d410ed3f0f30698039c8a9496b3999a88304a34fa0ce174748b298,data/subsets/round3e_electra/joint/hard_frac0p333.jsonl,electra_small__hard__frac0p333__seed87__same_epochs,hard,results/round3e_electra_small/metrics/raw/electra_small__hard__frac0p333__seed87__same_epochs__squad_dev.json,24.259786186693795,21.158621496072193,16.00141565802644,14.087483501944824
joint,results/round3e_electra_small/configs/electra_small__random__frac0p333__draw00__seed13__same_epochs.yaml,2026-05-23T01:52:50Z,sha256:fe4b4d10a7d1a5afed58183078a4fe10820af5537d4e28a82cab990673fb0d6c,data/qa/addonesent.jsonl,run.py/custom_squad_postprocess,addonesent,53.55344152210409,62.501131886382524,,google/electra-small-discriminator,electra_small,1787,3.0,results/round3e_electra_small/predictions/electra_small__random__frac0p333__draw00__seed13__same_epochs__addonesent.jsonl,electra_small__random__frac0p333__draw00__seed13__same_epochs__addonesent,13,0.0,0.333,29170,same_epochs,sha256:d71ade41d2ed53f37ea00e41bf01ed1cb946955ead788ad049ad1e7feb53e596,data/subsets/round3e_electra/joint/random_frac0p333_draw00.jsonl,electra_small__random__frac0p333__draw00__seed13__same_epochs,random,results/round3e_electra_small/metrics/raw/electra_small__random__frac0p333__draw00__seed13__same_epochs__addonesent.json,28.88811340404652,27.39728721312173,17.915104825988905,17.38317153371427
joint,results/round3e_electra_small/configs/electra_small__random__frac0p333__draw00__seed13__same_epochs.yaml,2026-05-23T01:51:56Z,sha256:698ce6f7c1779b1b83d253f1c1b3fc2058f278ec4e656dae445dc5c7a7de98df,data/qa/addsent.jsonl,run.py/custom_squad_postprocess,addsent,43.53932584269663,51.52812330832491,,google/electra-small-discriminator,electra_small,3560,3.0,results/round3e_electra_small/predictions/electra_small__random__frac0p333__draw00__seed13__same_epochs__addsent.jsonl,electra_small__random__frac0p333__draw00__seed13__same_epochs__addsent,13,0.0,0.333,29170,same_epochs,sha256:d71ade41d2ed53f37ea00e41bf01ed1cb946955ead788ad049ad1e7feb53e596,data/subsets/round3e_electra/joint/random_frac0p333_draw00.jsonl,electra_small__random__frac0p333__draw00__seed13__same_epochs,random,results/round3e_electra_small/metrics/raw/electra_small__random__frac0p333__draw00__seed13__same_epochs__addsent.json,28.88811340404652,27.39728721312173,17.915104825988905,17.38317153371427
joint,results/round3e_electra_small/configs/electra_small__random__frac0p333__draw00__seed13__same_epochs.yaml,2026-05-23T01:50:58Z,sha256:940197b8001a1309109a52f2d51d1b3eb25d1db49950b24705dc8641f1c19502,data/qa/squad_dev.jsonl,run.py/custom_squad_postprocess,squad_dev,70.93661305581836,80.41623671237143,,google/electra-small-discriminator,electra_small,10570,3.0,results/round3e_electra_small/predictions/electra_small__random__frac0p333__draw00__seed13__same_epochs__squad_dev.jsonl,electra_small__random__frac0p333__draw00__seed13__same_epochs__squad_dev,13,0.0,0.333,29170,same_epochs,sha256:d71ade41d2ed53f37ea00e41bf01ed1cb946955ead788ad049ad1e7feb53e596,data/subsets/round3e_electra/joint/random_frac0p333_draw00.jsonl,electra_small__random__frac0p333__draw00__seed13__same_epochs,random,results/round3e_electra_small/metrics/raw/electra_small__random__frac0p333__draw00__seed13__same_epochs__squad_dev.json,28.88811340404652,27.39728721312173,17.915104825988905,17.38317153371427
joint,results/round3e_electra_small/configs/electra_small__random__frac0p333__draw00__seed21__same_epochs.yaml,2026-05-23T01:59:26Z,sha256:fe4b4d10a7d1a5afed58183078a4fe10820af5537d4e28a82cab990673fb0d6c,data/qa/addonesent.jsonl,run.py/custom_squad_postprocess,addonesent,53.88919977616116,61.91934353662262,,google/electra-small-discriminator,electra_small,1787,3.0,results/round3e_electra_small/predictions/electra_small__random__frac0p333__draw00__seed21__same_epochs__addonesent.jsonl,electra_small__random__frac0p333__draw00__seed21__same_epochs__addonesent,21,0.0,0.333,29170,same_epochs,sha256:d71ade41d2ed53f37ea00e41bf01ed1cb946955ead788ad049ad1e7feb53e596,data/subsets/round3e_electra/joint/random_frac0p333_draw00.jsonl,electra_small__random__frac0p333__draw00__seed21__same_epochs,random,results/round3e_electra_small/metrics/raw/electra_small__random__frac0p333__draw00__seed21__same_epochs__addonesent.json,29.345477215238134,27.543290848596307,18.865031987288305,17.58667534209806
joint,results/round3e_electra_small/configs/electra_small__random__frac0p333__draw00__seed21__same_epochs.yaml,2026-05-23T01:58:46Z,sha256:698ce6f7c1779b1b83d253f1c1b3fc2058f278ec4e656dae445dc5c7a7de98df,data/qa/addsent.jsonl,run.py/custom_squad_postprocess,addsent,43.93258426966292,51.43889830867279,,google/electra-small-discriminator,electra_small,3560,3.0,results/round3e_electra_small/predictions/electra_small__random__frac0p333__draw00__seed21__same_epochs__addsent.jsonl,electra_small__random__frac0p333__draw00__seed21__same_epochs__addsent,21,0.0,0.333,29170,same_epochs,sha256:d71ade41d2ed53f37ea00e41bf01ed1cb946955ead788ad049ad1e7feb53e596,data/subsets/round3e_electra/joint/random_frac0p333_draw00.jsonl,electra_small__random__frac0p333__draw00__seed21__same_epochs,random,results/round3e_electra_small/metrics/raw/electra_small__random__frac0p333__draw00__seed21__same_epochs__addsent.json,29.345477215238134,27.543290848596307,18.865031987288305,17.58667534209806
joint,results/round3e_electra_small/configs/electra_small__random__frac0p333__draw00__seed21__same_epochs.yaml,2026-05-23T01:57:46Z,sha256:940197b8001a1309109a52f2d51d1b3eb25d1db49950b24705dc8641f1c19502,data/qa/squad_dev.jsonl,run.py/custom_squad_postprocess,squad_dev,71.47587511825922,80.78437552391092,,google/electra-small-discriminator,electra_small,10570,3.0,results/round3e_electra_small/predictions/electra_small__random__frac0p333__draw00__seed21__same_epochs__squad_dev.jsonl,electra_small__random__frac0p333__draw00__seed21__same_epochs__squad_dev,21,0.0,0.333,29170,same_epochs,sha256:d71ade41d2ed53f37ea00e41bf01ed1cb946955ead788ad049ad1e7feb53e596,data/subsets/round3e_electra/joint/random_frac0p333_draw00.jsonl,electra_small__random__frac0p333__draw00__seed21__same_epochs,random,results/round3e_electra_small/metrics/raw/electra_small__random__frac0p333__draw00__seed21__same_epochs__squad_dev.json,29.345477215238134,27.543290848596307,18.865031987288305,17.58667534209806
joint,results/round3e_electra_small/configs/electra_small__random__frac0p333__draw00__seed42__same_epochs.yaml,2026-05-23T02:05:57Z,sha256:fe4b4d10a7d1a5afed58183078a4fe10820af5537d4e28a82cab990673fb0d6c,data/qa/addonesent.jsonl,run.py/custom_squad_postprocess,addonesent,54.67263570229435,62.68016525687394,,google/electra-small-discriminator,electra_small,1787,3.0,results/round3e_electra_small/predictions/electra_small__random__frac0p333__draw00__seed42__same_epochs__addonesent.jsonl,electra_small__random__frac0p333__draw00__seed42__same_epochs__addonesent,42,0.0,0.333,29170,same_epochs,sha256:d71ade41d2ed53f37ea00e41bf01ed1cb946955ead788ad049ad1e7feb53e596,data/subsets/round3e_electra/joint/random_frac0p333_draw00.jsonl,electra_small__random__frac0p333__draw00__seed42__same_epochs,random,results/round3e_electra_small/metrics/raw/electra_small__random__frac0p333__draw00__seed42__same_epochs__addonesent.json,28.99290201804404,26.917898865774447,18.37060529061855,16.992454174716052
joint,results/round3e_electra_small/configs/electra_small__random__frac0p333__draw00__seed42__same_epochs.yaml,2026-05-23T02:05:03Z,sha256:698ce6f7c1779b1b83d253f1c1b3fc2058f278ec4e656dae445dc5c7a7de98df,data/qa/addsent.jsonl,run.py/custom_squad_postprocess,addsent,44.747191011235955,52.05786852944845,,google/electra-small-discriminator,electra_small,3560,3.0,results/round3e_electra_small/predictions/electra_small__random__frac0p333__draw00__seed42__same_epochs__addsent.jsonl,electra_small__random__frac0p333__draw00__seed42__same_epochs__addsent,42,0.0,0.333,29170,same_epochs,sha256:d71ade41d2ed53f37ea00e41bf01ed1cb946955ead788ad049ad1e7feb53e596,data/subsets/round3e_electra/joint/random_frac0p333_draw00.jsonl,electra_small__random__frac0p333__draw00__seed42__same_epochs,random,results/round3e_electra_small/metrics/raw/electra_small__random__frac0p333__draw00__seed42__same_epochs__addsent.json,28.99290201804404,26.917898865774447,18.37060529061855,16.992454174716052
joint,results/round3e_electra_small/configs/electra_small__random__frac0p333__draw00__seed42__same_epochs.yaml,2026-05-23T02:04:05Z,sha256:940197b8001a1309109a52f2d51d1b3eb25d1db49950b24705dc8641f1c19502,data/qa/squad_dev.jsonl,run.py/custom_squad_postprocess,squad_dev,71.6650898770104,81.05077054749249,,google/electra-small-discriminator,electra_small,10570,3.0,results/round3e_electra_small/predictions/electra_small__random__frac0p333__draw00__seed42__same_epochs__squad_dev.jsonl,electra_small__random__frac0p333__draw00__seed42__same_epochs__squad_dev,42,0.0,0.333,29170,same_epochs,sha256:d71ade41d2ed53f37ea00e41bf01ed1cb946955ead788ad049ad1e7feb53e596,data/subsets/round3e_electra/joint/random_frac0p333_draw00.jsonl,electra_small__random__frac0p333__draw00__seed42__same_epochs,random,results/round3e_electra_small/metrics/raw/electra_small__random__frac0p333__draw00__seed42__same_epochs__squad_dev.json,28.99290201804404,26.917898865774447,18.37060529061855,16.992454174716052
joint,results/round3e_electra_small/configs/electra_small__random__frac0p333__draw01__seed13__same_epochs.yaml,2026-05-23T02:12:50Z,sha256:fe4b4d10a7d1a5afed58183078a4fe10820af5537d4e28a82cab990673fb0d6c,data/qa/addonesent.jsonl,run.py/custom_squad_postprocess,addonesent,55.120313374370454,62.70664453522566,,google/electra-small-discriminator,electra_small,1787,3.0,results/round3e_electra_small/predictions/electra_small__random__frac0p333__draw01__seed13__same_epochs__addonesent.jsonl,electra_small__random__frac0p333__draw01__seed13__same_epochs__addonesent,13,1.0,0.333,29170,same_epochs,sha256:4d9d4d7e538108ce852c7e265eddfc8947628b37396d1609af4c77f065409b13,data/subsets/round3e_electra/joint/random_frac0p333_draw01.jsonl,electra_small__random__frac0p333__draw01__seed13__same_epochs,random,results/round3e_electra_small/metrics/raw/electra_small__random__frac0p333__draw01__seed13__same_epochs__addonesent.json,28.61758052602228,26.60774079704059,18.14927526112063,16.43124764738924
joint,results/round3e_electra_small/configs/electra_small__random__frac0p333__draw01__seed13__same_epochs.yaml,2026-05-23T02:11:57Z,sha256:698ce6f7c1779b1b83d253f1c1b3fc2058f278ec4e656dae445dc5c7a7de98df,data/qa/addsent.jsonl,run.py/custom_squad_postprocess,addsent,44.943820224719104,52.238339270324005,,google/electra-small-discriminator,electra_small,3560,3.0,results/round3e_electra_small/predictions/electra_small__random__frac0p333__draw01__seed13__same_epochs__addsent.jsonl,electra_small__random__frac0p333__draw01__seed13__same_epochs__addsent,13,1.0,0.333,29170,same_epochs,sha256:4d9d4d7e538108ce852c7e265eddfc8947628b37396d1609af4c77f065409b13,data/subsets/round3e_electra/joint/random_frac0p333_draw01.jsonl,electra_small__random__frac0p333__draw01__seed13__same_epochs,random,results/round3e_electra_small/metrics/raw/electra_small__random__frac0p333__draw01__seed13__same_epochs__addsent.json,28.61758052602228,26.60774079704059,18.14927526112063,16.43124764738924
joint,results/round3e_electra_small/configs/electra_small__random__frac0p333__draw01__seed13__same_epochs.yaml,2026-05-23T02:10:57Z,sha256:940197b8001a1309109a52f2d51d1b3eb25d1db49950b24705dc8641f1c19502,data/qa/squad_dev.jsonl,run.py/custom_squad_postprocess,squad_dev,71.5515610217597,80.85591979634629,,google/electra-small-discriminator,electra_small,10570,3.0,results/round3e_electra_small/predictions/electra_small__random__frac0p333__draw01__seed13__same_epochs__squad_dev.jsonl,electra_small__random__frac0p333__draw01__seed13__same_epochs__squad_dev,13,1.0,0.333,29170,same_epochs,sha256:4d9d4d7e538108ce852c7e265eddfc8947628b37396d1609af4c77f065409b13,data/subsets/round3e_electra/joint/random_frac0p333_draw01.jsonl,electra_small__random__frac0p333__draw01__seed13__same_epochs,random,results/round3e_electra_small/metrics/raw/electra_small__random__frac0p333__draw01__seed13__same_epochs__squad_dev.json,28.61758052602228,26.60774079704059,18.14927526112063,16.43124764738924
joint,results/round3e_electra_small/configs/electra_small__random__frac0p333__draw01__seed21__same_epochs.yaml,2026-05-23T02:19:54Z,sha256:fe4b4d10a7d1a5afed58183078a4fe10820af5537d4e28a82cab990673fb0d6c,data/qa/addonesent.jsonl,run.py/custom_squad_postprocess,addonesent,54.8964745383324,63.43774590368589,,google/electra-small-discriminator,electra_small,1787,3.0,results/round3e_electra_small/predictions/electra_small__random__frac0p333__draw01__seed21__same_epochs__addonesent.jsonl,electra_small__random__frac0p333__draw01__seed21__same_epochs__addonesent,21,1.0,0.333,29170,same_epochs,sha256:4d9d4d7e538108ce852c7e265eddfc8947628b37396d1609af4c77f065409b13,data/subsets/round3e_electra/joint/random_frac0p333_draw01.jsonl,electra_small__random__frac0p333__draw01__seed21__same_epochs,random,results/round3e_electra_small/metrics/raw/electra_small__random__frac0p333__draw01__seed21__same_epochs__addonesent.json,28.188565524334827,26.749651866103974,17.570143621871345,16.79699755249068
joint,results/round3e_electra_small/configs/electra_small__random__frac0p333__draw01__seed21__same_epochs.yaml,2026-05-23T02:18:59Z,sha256:698ce6f7c1779b1b83d253f1c1b3fc2058f278ec4e656dae445dc5c7a7de98df,data/qa/addsent.jsonl,run.py/custom_squad_postprocess,addsent,44.943820224719104,52.819324001222405,,google/electra-small-discriminator,electra_small,3560,3.0,results/round3e_electra_small/predictions/electra_small__random__frac0p333__draw01__seed21__same_epochs__addsent.jsonl,electra_small__random__frac0p333__draw01__seed21__same_epochs__addsent,21,1.0,0.333,29170,same_epochs,sha256:4d9d4d7e538108ce852c7e265eddfc8947628b37396d1609af4c77f065409b13,data/subsets/round3e_electra/joint/random_frac0p333_draw01.jsonl,electra_small__random__frac0p333__draw01__seed21__same_epochs,random,results/round3e_electra_small/metrics/raw/electra_small__random__frac0p333__draw01__seed21__same_epochs__addsent.json,28.188565524334827,26.749651866103974,17.570143621871345,16.79699755249068
joint,results/round3e_electra_small/configs/electra_small__random__frac0p333__draw01__seed21__same_epochs.yaml,2026-05-23T02:17:59Z,sha256:940197b8001a1309109a52f2d51d1b3eb25d1db49950b24705dc8641f1c19502,data/qa/squad_dev.jsonl,run.py/custom_squad_postprocess,squad_dev,71.69347209082308,81.00788952555723,,google/electra-small-discriminator,electra_small,10570,3.0,results/round3e_electra_small/predictions/electra_small__random__frac0p333__draw01__seed21__same_epochs__squad_dev.jsonl,electra_small__random__frac0p333__draw01__seed21__same_epochs__squad_dev,21,1.0,0.333,29170,same_epochs,sha256:4d9d4d7e538108ce852c7e265eddfc8947628b37396d1609af4c77f065409b13,data/subsets/round3e_electra/joint/random_frac0p333_draw01.jsonl,electra_small__random__frac0p333__draw01__seed21__same_epochs,random,results/round3e_electra_small/metrics/raw/electra_small__random__frac0p333__draw01__seed21__same_epochs__squad_dev.json,28.188565524334827,26.749651866103974,17.570143621871345,16.79699755249068
joint,results/round3e_electra_small/configs/electra_small__random__frac0p333__draw01__seed42__same_epochs.yaml,2026-05-23T02:26:51Z,sha256:fe4b4d10a7d1a5afed58183078a4fe10820af5537d4e28a82cab990673fb0d6c,data/qa/addonesent.jsonl,run.py/custom_squad_postprocess,addonesent,54.39283715724678,61.86800652363222,,google/electra-small-discriminator,electra_small,1787,3.0,results/round3e_electra_small/predictions/electra_small__random__frac0p333__draw01__seed42__same_epochs__addonesent.jsonl,electra_small__random__frac0p333__draw01__seed42__same_epochs__addonesent,42,1.0,0.333,29170,same_epochs,sha256:4d9d4d7e538108ce852c7e265eddfc8947628b37396d1609af4c77f065409b13,data/subsets/round3e_electra/joint/random_frac0p333_draw01.jsonl,electra_small__random__frac0p333__draw01__seed42__same_epochs,random,results/round3e_electra_small/metrics/raw/electra_small__random__frac0p333__draw01__seed42__same_epochs__addonesent.json,29.075968717111856,26.818906593815434,18.63575348733862,16.75191213319787
joint,results/round3e_electra_small/configs/electra_small__random__frac0p333__draw01__seed42__same_epochs.yaml,2026-05-23T02:25:54Z,sha256:698ce6f7c1779b1b83d253f1c1b3fc2058f278ec4e656dae445dc5c7a7de98df,data/qa/addsent.jsonl,run.py/custom_squad_postprocess,addsent,44.325842696629216,51.42779129385898,,google/electra-small-discriminator,electra_small,3560,3.0,results/round3e_electra_small/predictions/electra_small__random__frac0p333__draw01__seed42__same_epochs__addsent.jsonl,electra_small__random__frac0p333__draw01__seed42__same_epochs__addsent,42,1.0,0.333,29170,same_epochs,sha256:4d9d4d7e538108ce852c7e265eddfc8947628b37396d1609af4c77f065409b13,data/subsets/round3e_electra/joint/random_frac0p333_draw01.jsonl,electra_small__random__frac0p333__draw01__seed42__same_epochs,random,results/round3e_electra_small/metrics/raw/electra_small__random__frac0p333__draw01__seed42__same_epochs__addsent.json,29.075968717111856,26.818906593815434,18.63575348733862,16.75191213319787
joint,results/round3e_electra_small/configs/electra_small__random__frac0p333__draw01__seed42__same_epochs.yaml,2026-05-23T02:24:52Z,sha256:940197b8001a1309109a52f2d51d1b3eb25d1db49950b24705dc8641f1c19502,data/qa/squad_dev.jsonl,run.py/custom_squad_postprocess,squad_dev,71.14474929044465,80.50376001097084,,google/electra-small-discriminator,electra_small,10570,3.0,results/round3e_electra_small/predictions/electra_small__random__frac0p333__draw01__seed42__same_epochs__squad_dev.jsonl,electra_small__random__frac0p333__draw01__seed42__same_epochs__squad_dev,42,1.0,0.333,29170,same_epochs,sha256:4d9d4d7e538108ce852c7e265eddfc8947628b37396d1609af4c77f065409b13,data/subsets/round3e_electra/joint/random_frac0p333_draw01.jsonl,electra_small__random__frac0p333__draw01__seed42__same_epochs,random,results/round3e_electra_small/metrics/raw/electra_small__random__frac0p333__draw01__seed42__same_epochs__squad_dev.json,29.075968717111856,26.818906593815434,18.63575348733862,16.75191213319787
joint,results/round3e_electra_small/configs/electra_small__random__frac0p333__draw02__seed13__same_epochs.yaml,2026-05-23T02:33:41Z,sha256:fe4b4d10a7d1a5afed58183078a4fe10820af5537d4e28a82cab990673fb0d6c,data/qa/addonesent.jsonl,run.py/custom_squad_postprocess,addonesent,54.50475657526581,62.83867484572576,,google/electra-small-discriminator,electra_small,1787,3.0,results/round3e_electra_small/predictions/electra_small__random__frac0p333__draw02__seed13__same_epochs__addonesent.jsonl,electra_small__random__frac0p333__draw02__seed13__same_epochs__addonesent,13,2.0,0.333,29170,same_epochs,sha256:1df5cda0a908f0e6eba5abdc7ea955daa6ea330e5d6ff2b901f0cc371898fc98,data/subsets/round3e_electra/joint/random_frac0p333_draw02.jsonl,electra_small__random__frac0p333__draw02__seed13__same_epochs,random,results/round3e_electra_small/metrics/raw/electra_small__random__frac0p333__draw02__seed13__same_epochs__addonesent.json,28.170619251830495,26.43773984033676,17.988295699986097,16.904893377430504
joint,results/round3e_electra_small/configs/electra_small__random__frac0p333__draw02__seed13__same_epochs.yaml,2026-05-23T02:32:46Z,sha256:698ce6f7c1779b1b83d253f1c1b3fc2058f278ec4e656dae445dc5c7a7de98df,data/qa/addsent.jsonl,run.py/custom_squad_postprocess,addsent,44.97191011235955,52.656351293881364,,google/electra-small-discriminator,electra_small,3560,3.0,results/round3e_electra_small/predictions/electra_small__random__frac0p333__draw02__seed13__same_epochs__addsent.jsonl,electra_small__random__frac0p333__draw02__seed13__same_epochs__addsent,13,2.0,0.333,29170,same_epochs,sha256:1df5cda0a908f0e6eba5abdc7ea955daa6ea330e5d6ff2b901f0cc371898fc98,data/subsets/round3e_electra/joint/random_frac0p333_draw02.jsonl,electra_small__random__frac0p333__draw02__seed13__same_epochs,random,results/round3e_electra_small/metrics/raw/electra_small__random__frac0p333__draw02__seed13__same_epochs__addsent.json,28.170619251830495,26.43773984033676,17.988295699986097,16.904893377430504
joint,results/round3e_electra_small/configs/electra_small__random__frac0p333__draw02__seed13__same_epochs.yaml,2026-05-23T02:31:45Z,sha256:940197b8001a1309109a52f2d51d1b3eb25d1db49950b24705dc8641f1c19502,data/qa/squad_dev.jsonl,run.py/custom_squad_postprocess,squad_dev,71.40964995269631,80.82697054571186,,google/electra-small-discriminator,electra_small,10570,3.0,results/round3e_electra_small/predictions/electra_small__random__frac0p333__draw02__seed13__same_epochs__squad_dev.jsonl,electra_small__random__frac0p333__draw02__seed13__same_epochs__squad_dev,13,2.0,0.333,29170,same_epochs,sha256:1df5cda0a908f0e6eba5abdc7ea955daa6ea330e5d6ff2b901f0cc371898fc98,data/subsets/round3e_electra/joint/random_frac0p333_draw02.jsonl,electra_small__random__frac0p333__draw02__seed13__same_epochs,random,results/round3e_electra_small/metrics/raw/electra_small__random__frac0p333__draw02__seed13__same_epochs__squad_dev.json,28.170619251830495,26.43773984033676,17.988295699986097,16.904893377430504
joint,results/round3e_electra_small/configs/electra_small__random__frac0p333__draw02__seed21__same_epochs.yaml,2026-05-23T02:40:40Z,sha256:fe4b4d10a7d1a5afed58183078a4fe10820af5537d4e28a82cab990673fb0d6c,data/qa/addonesent.jsonl,run.py/custom_squad_postprocess,addonesent,53.88919977616116,62.18239600911643,,google/electra-small-discriminator,electra_small,1787,3.0,results/round3e_electra_small/predictions/electra_small__random__frac0p333__draw02__seed21__same_epochs__addonesent.jsonl,electra_small__random__frac0p333__draw02__seed21__same_epochs__addonesent,21,2.0,0.333,29170,same_epochs,sha256:1df5cda0a908f0e6eba5abdc7ea955daa6ea330e5d6ff2b901f0cc371898fc98,data/subsets/round3e_electra/joint/random_frac0p333_draw02.jsonl,electra_small__random__frac0p333__draw02__seed21__same_epochs,random,results/round3e_electra_small/metrics/raw/electra_small__random__frac0p333__draw02__seed21__same_epochs__addonesent.json,28.777913423690755,27.13735609579794,18.234978454556312,17.265010252221046
joint,results/round3e_electra_small/configs/electra_small__random__frac0p333__draw02__seed21__same_epochs.yaml,2026-05-23T02:39:44Z,sha256:698ce6f7c1779b1b83d253f1c1b3fc2058f278ec4e656dae445dc5c7a7de98df,data/qa/addsent.jsonl,run.py/custom_squad_postprocess,addsent,44.01685393258427,51.63946103998199,,google/electra-small-discriminator,electra_small,3560,3.0,results/round3e_electra_small/predictions/electra_small__random__frac0p333__draw02__seed21__same_epochs__addsent.jsonl,electra_small__random__frac0p333__draw02__seed21__same_epochs__addsent,21,2.0,0.333,29170,same_epochs,sha256:1df5cda0a908f0e6eba5abdc7ea955daa6ea330e5d6ff2b901f0cc371898fc98,data/subsets/round3e_electra/joint/random_frac0p333_draw02.jsonl,electra_small__random__frac0p333__draw02__seed21__same_epochs,random,results/round3e_electra_small/metrics/raw/electra_small__random__frac0p333__draw02__seed21__same_epochs__addsent.json,28.777913423690755,27.13735609579794,18.234978454556312,17.265010252221046
joint,results/round3e_electra_small/configs/electra_small__random__frac0p333__draw02__seed21__same_epochs.yaml,2026-05-23T02:38:44Z,sha256:940197b8001a1309109a52f2d51d1b3eb25d1db49950b24705dc8641f1c19502,data/qa/squad_dev.jsonl,run.py/custom_squad_postprocess,squad_dev,71.15421002838221,80.41737446367274,,google/electra-small-discriminator,electra_small,10570,3.0,results/round3e_electra_small/predictions/electra_small__random__frac0p333__draw02__seed21__same_epochs__squad_dev.jsonl,electra_small__random__frac0p333__draw02__seed21__same_epochs__squad_dev,21,2.0,0.333,29170,same_epochs,sha256:1df5cda0a908f0e6eba5abdc7ea955daa6ea330e5d6ff2b901f0cc371898fc98,data/subsets/round3e_electra/joint/random_frac0p333_draw02.jsonl,electra_small__random__frac0p333__draw02__seed21__same_epochs,random,results/round3e_electra_small/metrics/raw/electra_small__random__frac0p333__draw02__seed21__same_epochs__squad_dev.json,28.777913423690755,27.13735609579794,18.234978454556312,17.265010252221046
joint,results/round3e_electra_small/configs/electra_small__random__frac0p333__draw02__seed42__same_epochs.yaml,2026-05-23T02:47:44Z,sha256:fe4b4d10a7d1a5afed58183078a4fe10820af5537d4e28a82cab990673fb0d6c,data/qa/addonesent.jsonl,run.py/custom_squad_postprocess,addonesent,52.21040850587577,61.023359926424206,,google/electra-small-discriminator,electra_small,1787,3.0,results/round3e_electra_small/predictions/electra_small__random__frac0p333__draw02__seed42__same_epochs__addonesent.jsonl,electra_small__random__frac0p333__draw02__seed42__same_epochs__addonesent,42,2.0,0.333,29170,same_epochs,sha256:1df5cda0a908f0e6eba5abdc7ea955daa6ea330e5d6ff2b901f0cc371898fc98,data/subsets/round3e_electra/joint/random_frac0p333_draw02.jsonl,electra_small__random__frac0p333__draw02__seed42__same_epochs,random,results/round3e_electra_small/metrics/raw/electra_small__random__frac0p333__draw02__seed42__same_epochs__addonesent.json,29.35828136523513,27.538135277922464,18.84046912562897,17.855816659687143
joint,results/round3e_electra_small/configs/electra_small__random__frac0p333__draw02__seed42__same_epochs.yaml,2026-05-23T02:46:46Z,sha256:698ce6f7c1779b1b83d253f1c1b3fc2058f278ec4e656dae445dc5c7a7de98df,data/qa/addsent.jsonl,run.py/custom_squad_postprocess,addsent,42.52808988764045,50.50554768681805,,google/electra-small-discriminator,electra_small,3560,3.0,results/round3e_electra_small/predictions/electra_small__random__frac0p333__draw02__seed42__same_epochs__addsent.jsonl,electra_small__random__frac0p333__draw02__seed42__same_epochs__addsent,42,2.0,0.333,29170,same_epochs,sha256:1df5cda0a908f0e6eba5abdc7ea955daa6ea330e5d6ff2b901f0cc371898fc98,data/subsets/round3e_electra/joint/random_frac0p333_draw02.jsonl,electra_small__random__frac0p333__draw02__seed42__same_epochs,random,results/round3e_electra_small/metrics/raw/electra_small__random__frac0p333__draw02__seed42__same_epochs__addsent.json,29.35828136523513,27.538135277922464,18.84046912562897,17.855816659687143
joint,results/round3e_electra_small/configs/electra_small__random__frac0p333__draw02__seed42__same_epochs.yaml,2026-05-23T02:45:43Z,sha256:940197b8001a1309109a52f2d51d1b3eb25d1db49950b24705dc8641f1c19502,data/qa/squad_dev.jsonl,run.py/custom_squad_postprocess,squad_dev,70.06622516556291,79.86382905205318,,google/electra-small-discriminator,electra_small,10570,3.0,results/round3e_electra_small/predictions/electra_small__random__frac0p333__draw02__seed42__same_epochs__squad_dev.jsonl,electra_small__random__frac0p333__draw02__seed42__same_epochs__squad_dev,42,2.0,0.333,29170,same_epochs,sha256:1df5cda0a908f0e6eba5abdc7ea955daa6ea330e5d6ff2b901f0cc371898fc98,data/subsets/round3e_electra/joint/random_frac0p333_draw02.jsonl,electra_small__random__frac0p333__draw02__seed42__same_epochs,random,results/round3e_electra_small/metrics/raw/electra_small__random__frac0p333__draw02__seed42__same_epochs__squad_dev.json,29.35828136523513,27.538135277922464,18.84046912562897,17.855816659687143
joint,results/round3e_electra_small/configs/electra_small__random__frac0p333__draw03__seed13__same_epochs.yaml,2026-05-23T02:54:49Z,sha256:fe4b4d10a7d1a5afed58183078a4fe10820af5537d4e28a82cab990673fb0d6c,data/qa/addonesent.jsonl,run.py/custom_squad_postprocess,addonesent,54.00111919418019,62.24194541298755,,google/electra-small-discriminator,electra_small,1787,3.0,results/round3e_electra_small/predictions/electra_small__random__frac0p333__draw03__seed13__same_epochs__addonesent.jsonl,electra_small__random__frac0p333__draw03__seed13__same_epochs__addonesent,13,3.0,0.333,29170,same_epochs,sha256:1474d0ba0af8c776415f6eb186b4c8e639fa114ab819c42715d523a6d9e0b53e,data/subsets/round3e_electra/joint/random_frac0p333_draw03.jsonl,electra_small__random__frac0p333__draw03__seed13__same_epochs,random,results/round3e_electra_small/metrics/raw/electra_small__random__frac0p333__draw03__seed13__same_epochs__addonesent.json,29.169617636664498,27.253223560426477,18.60254822939467,17.49367739995415
joint,results/round3e_electra_small/configs/electra_small__random__frac0p333__draw03__seed13__same_epochs.yaml,2026-05-23T02:53:52Z,sha256:698ce6f7c1779b1b83d253f1c1b3fc2058f278ec4e656dae445dc5c7a7de98df,data/qa/addsent.jsonl,run.py/custom_squad_postprocess,addsent,44.241573033707866,51.67487600571772,,google/electra-small-discriminator,electra_small,3560,3.0,results/round3e_electra_small/predictions/electra_small__random__frac0p333__draw03__seed13__same_epochs__addsent.jsonl,electra_small__random__frac0p333__draw03__seed13__same_epochs__addsent,13,3.0,0.333,29170,same_epochs,sha256:1474d0ba0af8c776415f6eb186b4c8e639fa114ab819c42715d523a6d9e0b53e,data/subsets/round3e_electra/joint/random_frac0p333_draw03.jsonl,electra_small__random__frac0p333__draw03__seed13__same_epochs,random,results/round3e_electra_small/metrics/raw/electra_small__random__frac0p333__draw03__seed13__same_epochs__addsent.json,29.169617636664498,27.253223560426477,18.60254822939467,17.49367739995415
joint,results/round3e_electra_small/configs/electra_small__random__frac0p333__draw03__seed13__same_epochs.yaml,2026-05-23T02:52:51Z,sha256:940197b8001a1309109a52f2d51d1b3eb25d1db49950b24705dc8641f1c19502,data/qa/squad_dev.jsonl,run.py/custom_squad_postprocess,squad_dev,71.49479659413434,80.84449364238222,,google/electra-small-discriminator,electra_small,10570,3.0,results/round3e_electra_small/predictions/electra_small__random__frac0p333__draw03__seed13__same_epochs__squad_dev.jsonl,electra_small__random__frac0p333__draw03__seed13__same_epochs__squad_dev,13,3.0,0.333,29170,same_epochs,sha256:1474d0ba0af8c776415f6eb186b4c8e639fa114ab819c42715d523a6d9e0b53e,data/subsets/round3e_electra/joint/random_frac0p333_draw03.jsonl,electra_small__random__frac0p333__draw03__seed13__same_epochs,random,results/round3e_electra_small/metrics/raw/electra_small__random__frac0p333__draw03__seed13__same_epochs__squad_dev.json,29.169617636664498,27.253223560426477,18.60254822939467,17.49367739995415
joint,results/round3e_electra_small/configs/electra_small__random__frac0p333__draw03__seed21__same_epochs.yaml,2026-05-23T03:01:46Z,sha256:fe4b4d10a7d1a5afed58183078a4fe10820af5537d4e28a82cab990673fb0d6c,data/qa/addonesent.jsonl,run.py/custom_squad_postprocess,addonesent,53.72132064913262,61.91656248544859,,google/electra-small-discriminator,electra_small,1787,3.0,results/round3e_electra_small/predictions/electra_small__random__frac0p333__draw03__seed21__same_epochs__addonesent.jsonl,electra_small__random__frac0p333__draw03__seed21__same_epochs__addonesent,21,3.0,0.333,29170,same_epochs,sha256:1474d0ba0af8c776415f6eb186b4c8e639fa114ab819c42715d523a6d9e0b53e,data/subsets/round3e_electra/joint/random_frac0p333_draw03.jsonl,electra_small__random__frac0p333__draw03__seed21__same_epochs,random,results/round3e_electra_small/metrics/raw/electra_small__random__frac0p333__draw03__seed21__same_epochs__addonesent.json,29.00905536151722,26.98569196262477,18.703616910020664,17.25313535843597
joint,results/round3e_electra_small/configs/electra_small__random__frac0p333__draw03__seed21__same_epochs.yaml,2026-05-23T03:00:52Z,sha256:698ce6f7c1779b1b83d253f1c1b3fc2058f278ec4e656dae445dc5c7a7de98df,data/qa/addsent.jsonl,run.py/custom_squad_postprocess,addsent,43.98876404494382,51.61112403395203,,google/electra-small-discriminator,electra_small,3560,3.0,results/round3e_electra_small/predictions/electra_small__random__frac0p333__draw03__seed21__same_epochs__addsent.jsonl,electra_small__random__frac0p333__draw03__seed21__same_epochs__addsent,21,3.0,0.333,29170,same_epochs,sha256:1474d0ba0af8c776415f6eb186b4c8e639fa114ab819c42715d523a6d9e0b53e,data/subsets/round3e_electra/joint/random_frac0p333_draw03.jsonl,electra_small__random__frac0p333__draw03__seed21__same_epochs,random,results/round3e_electra_small/metrics/raw/electra_small__random__frac0p333__draw03__seed21__same_epochs__addsent.json,29.00905536151722,26.98569196262477,18.703616910020664,17.25313535843597
joint,results/round3e_electra_small/configs/electra_small__random__frac0p333__draw03__seed21__same_epochs.yaml,2026-05-23T02:59:51Z,sha256:940197b8001a1309109a52f2d51d1b3eb25d1db49950b24705dc8641f1c19502,data/qa/squad_dev.jsonl,run.py/custom_squad_postprocess,squad_dev,70.97445600756859,80.62017939546925,,google/electra-small-discriminator,electra_small,10570,3.0,results/round3e_electra_small/predictions/electra_small__random__frac0p333__draw03__seed21__same_epochs__squad_dev.jsonl,electra_small__random__frac0p333__draw03__seed21__same_epochs__squad_dev,21,3.0,0.333,29170,same_epochs,sha256:1474d0ba0af8c776415f6eb186b4c8e639fa114ab819c42715d523a6d9e0b53e,data/subsets/round3e_electra/joint/random_frac0p333_draw03.jsonl,electra_small__random__frac0p333__draw03__seed21__same_epochs,random,results/round3e_electra_small/metrics/raw/electra_small__random__frac0p333__draw03__seed21__same_epochs__squad_dev.json,29.00905536151722,26.98569196262477,18.703616910020664,17.25313535843597
joint,results/round3e_electra_small/configs/electra_small__random__frac0p333__draw03__seed42__same_epochs.yaml,2026-05-23T03:08:38Z,sha256:fe4b4d10a7d1a5afed58183078a4fe10820af5537d4e28a82cab990673fb0d6c,data/qa/addonesent.jsonl,run.py/custom_squad_postprocess,addonesent,51.70677112479015,60.44629214370922,,google/electra-small-discriminator,electra_small,1787,3.0,results/round3e_electra_small/predictions/electra_small__random__frac0p333__draw03__seed42__same_epochs__addonesent.jsonl,electra_small__random__frac0p333__draw03__seed42__same_epochs__addonesent,42,3.0,0.333,29170,same_epochs,sha256:1474d0ba0af8c776415f6eb186b4c8e639fa114ab819c42715d523a6d9e0b53e,data/subsets/round3e_electra/joint/random_frac0p333_draw03.jsonl,electra_small__random__frac0p333__draw03__seed42__same_epochs,random,results/round3e_electra_small/metrics/raw/electra_small__random__frac0p333__draw03__seed42__same_epochs__addonesent.json,30.418058341122148,28.976273744857714,19.50746493335601,18.89871610321363
joint,results/round3e_electra_small/configs/electra_small__random__frac0p333__draw03__seed42__same_epochs.yaml,2026-05-23T03:07:44Z,sha256:698ce6f7c1779b1b83d253f1c1b3fc2058f278ec4e656dae445dc5c7a7de98df,data/qa/addsent.jsonl,run.py/custom_squad_postprocess,addsent,41.62921348314607,49.535698735943086,,google/electra-small-discriminator,electra_small,3560,3.0,results/round3e_electra_small/predictions/electra_small__random__frac0p333__draw03__seed42__same_epochs__addsent.jsonl,electra_small__random__frac0p333__draw03__seed42__same_epochs__addsent,42,3.0,0.333,29170,same_epochs,sha256:1474d0ba0af8c776415f6eb186b4c8e639fa114ab819c42715d523a6d9e0b53e,data/subsets/round3e_electra/joint/random_frac0p333_draw03.jsonl,electra_small__random__frac0p333__draw03__seed42__same_epochs,random,results/round3e_electra_small/metrics/raw/electra_small__random__frac0p333__draw03__seed42__same_epochs__addsent.json,30.418058341122148,28.976273744857714,19.50746493335601,18.89871610321363
joint,results/round3e_electra_small/configs/electra_small__random__frac0p333__draw03__seed42__same_epochs.yaml,2026-05-23T03:06:45Z,sha256:940197b8001a1309109a52f2d51d1b3eb25d1db49950b24705dc8641f1c19502,data/qa/squad_dev.jsonl,run.py/custom_squad_postprocess,squad_dev,70.60548722800378,79.95375707706523,,google/electra-small-discriminator,electra_small,10570,3.0,results/round3e_electra_small/predictions/electra_small__random__frac0p333__draw03__seed42__same_epochs__squad_dev.jsonl,electra_small__random__frac0p333__draw03__seed42__same_epochs__squad_dev,42,3.0,0.333,29170,same_epochs,sha256:1474d0ba0af8c776415f6eb186b4c8e639fa114ab819c42715d523a6d9e0b53e,data/subsets/round3e_electra/joint/random_frac0p333_draw03.jsonl,electra_small__random__frac0p333__draw03__seed42__same_epochs,random,results/round3e_electra_small/metrics/raw/electra_small__random__frac0p333__draw03__seed42__same_epochs__squad_dev.json,30.418058341122148,28.976273744857714,19.50746493335601,18.89871610321363
joint,results/round3e_electra_small/configs/electra_small__random__frac0p333__draw04__seed13__same_epochs.yaml,2026-05-23T03:15:38Z,sha256:fe4b4d10a7d1a5afed58183078a4fe10820af5537d4e28a82cab990673fb0d6c,data/qa/addonesent.jsonl,run.py/custom_squad_postprocess,addonesent,53.94515948517068,62.28375969930745,,google/electra-small-discriminator,electra_small,1787,3.0,results/round3e_electra_small/predictions/electra_small__random__frac0p333__draw04__seed13__same_epochs__addonesent.jsonl,electra_small__random__frac0p333__draw04__seed13__same_epochs__addonesent,13,4.0,0.333,29170,same_epochs,sha256:34fd029e21407ed74f45d9f6483267d25db5c9054dcbd0e2cafb4f58c419f5ba,data/subsets/round3e_electra/joint/random_frac0p333_draw04.jsonl,electra_small__random__frac0p333__draw04__seed13__same_epochs,random,results/round3e_electra_small/metrics/raw/electra_small__random__frac0p333__draw04__seed13__same_epochs__addonesent.json,29.215843610454733,27.288143250454425,18.521902107956336,17.30365792258712
joint,results/round3e_electra_small/configs/electra_small__random__frac0p333__draw04__seed13__same_epochs.yaml,2026-05-23T03:14:40Z,sha256:698ce6f7c1779b1b83d253f1c1b3fc2058f278ec4e656dae445dc5c7a7de98df,data/qa/addsent.jsonl,run.py/custom_squad_postprocess,addsent,43.96067415730337,51.589818196809055,,google/electra-small-discriminator,electra_small,3560,3.0,results/round3e_electra_small/predictions/electra_small__random__frac0p333__draw04__seed13__same_epochs__addsent.jsonl,electra_small__random__frac0p333__draw04__seed13__same_epochs__addsent,13,4.0,0.333,29170,same_epochs,sha256:34fd029e21407ed74f45d9f6483267d25db5c9054dcbd0e2cafb4f58c419f5ba,data/subsets/round3e_electra/joint/random_frac0p333_draw04.jsonl,electra_small__random__frac0p333__draw04__seed13__same_epochs,random,results/round3e_electra_small/metrics/raw/electra_small__random__frac0p333__draw04__seed13__same_epochs__addsent.json,29.215843610454733,27.288143250454425,18.521902107956336,17.30365792258712
joint,results/round3e_electra_small/configs/electra_small__random__frac0p333__draw04__seed13__same_epochs.yaml,2026-05-23T03:13:38Z,sha256:940197b8001a1309109a52f2d51d1b3eb25d1db49950b24705dc8641f1c19502,data/qa/squad_dev.jsonl,run.py/custom_squad_postprocess,squad_dev,71.2488174077578,80.80566180726379,,google/electra-small-discriminator,electra_small,10570,3.0,results/round3e_electra_small/predictions/electra_small__random__frac0p333__draw04__seed13__same_epochs__squad_dev.jsonl,electra_small__random__frac0p333__draw04__seed13__same_epochs__squad_dev,13,4.0,0.333,29170,same_epochs,sha256:34fd029e21407ed74f45d9f6483267d25db5c9054dcbd0e2cafb4f58c419f5ba,data/subsets/round3e_electra/joint/random_frac0p333_draw04.jsonl,electra_small__random__frac0p333__draw04__seed13__same_epochs,random,results/round3e_electra_small/metrics/raw/electra_small__random__frac0p333__draw04__seed13__same_epochs__squad_dev.json,29.215843610454733,27.288143250454425,18.521902107956336,17.30365792258712
joint,results/round3e_electra_small/configs/electra_small__random__frac0p333__draw04__seed21__same_epochs.yaml,2026-05-23T03:22:38Z,sha256:fe4b4d10a7d1a5afed58183078a4fe10820af5537d4e28a82cab990673fb0d6c,data/qa/addonesent.jsonl,run.py/custom_squad_postprocess,addonesent,54.39283715724678,63.06740986469544,,google/electra-small-discriminator,electra_small,1787,3.0,results/round3e_electra_small/predictions/electra_small__random__frac0p333__draw04__seed21__same_epochs__addonesent.jsonl,electra_small__random__frac0p333__draw04__seed21__same_epochs__addonesent,21,4.0,0.333,29170,same_epochs,sha256:34fd029e21407ed74f45d9f6483267d25db5c9054dcbd0e2cafb4f58c419f5ba,data/subsets/round3e_electra/joint/random_frac0p333_draw04.jsonl,electra_small__random__frac0p333__draw04__seed21__same_epochs,random,results/round3e_electra_small/metrics/raw/electra_small__random__frac0p333__draw04__seed21__same_epochs__addonesent.json,28.37289266327825,26.964325576945562,17.90084851095998,17.234409768013386
joint,results/round3e_electra_small/configs/electra_small__random__frac0p333__draw04__seed21__same_epochs.yaml,2026-05-23T03:21:42Z,sha256:698ce6f7c1779b1b83d253f1c1b3fc2058f278ec4e656dae445dc5c7a7de98df,data/qa/addsent.jsonl,run.py/custom_squad_postprocess,addsent,44.662921348314605,52.59536571237717,,google/electra-small-discriminator,electra_small,3560,3.0,results/round3e_electra_small/predictions/electra_small__random__frac0p333__draw04__seed21__same_epochs__addsent.jsonl,electra_small__random__frac0p333__draw04__seed21__same_epochs__addsent,21,4.0,0.333,29170,same_epochs,sha256:34fd029e21407ed74f45d9f6483267d25db5c9054dcbd0e2cafb4f58c419f5ba,data/subsets/round3e_electra/joint/random_frac0p333_draw04.jsonl,electra_small__random__frac0p333__draw04__seed21__same_epochs,random,results/round3e_electra_small/metrics/raw/electra_small__random__frac0p333__draw04__seed21__same_epochs__addsent.json,28.37289266327825,26.964325576945562,17.90084851095998,17.234409768013386
joint,results/round3e_electra_small/configs/electra_small__random__frac0p333__draw04__seed21__same_epochs.yaml,2026-05-23T03:20:38Z,sha256:940197b8001a1309109a52f2d51d1b3eb25d1db49950b24705dc8641f1c19502,data/qa/squad_dev.jsonl,run.py/custom_squad_postprocess,squad_dev,71.62724692526017,80.96825837565542,,google/electra-small-discriminator,electra_small,10570,3.0,results/round3e_electra_small/predictions/electra_small__random__frac0p333__draw04__seed21__same_epochs__squad_dev.jsonl,electra_small__random__frac0p333__draw04__seed21__same_epochs__squad_dev,21,4.0,0.333,29170,same_epochs,sha256:34fd029e21407ed74f45d9f6483267d25db5c9054dcbd0e2cafb4f58c419f5ba,data/subsets/round3e_electra/joint/random_frac0p333_draw04.jsonl,electra_small__random__frac0p333__draw04__seed21__same_epochs,random,results/round3e_electra_small/metrics/raw/electra_small__random__frac0p333__draw04__seed21__same_epochs__squad_dev.json,28.37289266327825,26.964325576945562,17.90084851095998,17.234409768013386
joint,results/round3e_electra_small/configs/electra_small__random__frac0p333__draw04__seed42__same_epochs.yaml,2026-05-23T03:29:40Z,sha256:fe4b4d10a7d1a5afed58183078a4fe10820af5537d4e28a82cab990673fb0d6c,data/qa/addonesent.jsonl,run.py/custom_squad_postprocess,addonesent,52.88192501398993,61.34845368125891,,google/electra-small-discriminator,electra_small,1787,3.0,results/round3e_electra_small/predictions/electra_small__random__frac0p333__draw04__seed42__same_epochs__addonesent.jsonl,electra_small__random__frac0p333__draw04__seed42__same_epochs__addonesent,42,4.0,0.333,29170,same_epochs,sha256:34fd029e21407ed74f45d9f6483267d25db5c9054dcbd0e2cafb4f58c419f5ba,data/subsets/round3e_electra/joint/random_frac0p333_draw04.jsonl,electra_small__random__frac0p333__draw04__seed42__same_epochs,random,results/round3e_electra_small/metrics/raw/electra_small__random__frac0p333__draw04__seed42__same_epochs__addonesent.json,29.87506930809611,28.290503119917517,19.15391952097945,18.41419608345568
joint,results/round3e_electra_small/configs/electra_small__random__frac0p333__draw04__seed42__same_epochs.yaml,2026-05-23T03:28:43Z,sha256:698ce6f7c1779b1b83d253f1c1b3fc2058f278ec4e656dae445dc5c7a7de98df,data/qa/addsent.jsonl,run.py/custom_squad_postprocess,addsent,43.00561797752809,50.62730389414225,,google/electra-small-discriminator,electra_small,3560,3.0,results/round3e_electra_small/predictions/electra_small__random__frac0p333__draw04__seed42__same_epochs__addsent.jsonl,electra_small__random__frac0p333__draw04__seed42__same_epochs__addsent,42,4.0,0.333,29170,same_epochs,sha256:34fd029e21407ed74f45d9f6483267d25db5c9054dcbd0e2cafb4f58c419f5ba,data/subsets/round3e_electra/joint/random_frac0p333_draw04.jsonl,electra_small__random__frac0p333__draw04__seed42__same_epochs,random,results/round3e_electra_small/metrics/raw/electra_small__random__frac0p333__draw04__seed42__same_epochs__addsent.json,29.87506930809611,28.290503119917517,19.15391952097945,18.41419608345568
joint,results/round3e_electra_small/configs/electra_small__random__frac0p333__draw04__seed42__same_epochs.yaml,2026-05-23T03:27:43Z,sha256:940197b8001a1309109a52f2d51d1b3eb25d1db49950b24705dc8641f1c19502,data/qa/squad_dev.jsonl,run.py/custom_squad_postprocess,squad_dev,71.2961210974456,80.50237320223836,,google/electra-small-discriminator,electra_small,10570,3.0,results/round3e_electra_small/predictions/electra_small__random__frac0p333__draw04__seed42__same_epochs__squad_dev.jsonl,electra_small__random__frac0p333__draw04__seed42__same_epochs__squad_dev,42,4.0,0.333,29170,same_epochs,sha256:34fd029e21407ed74f45d9f6483267d25db5c9054dcbd0e2cafb4f58c419f5ba,data/subsets/round3e_electra/joint/random_frac0p333_draw04.jsonl,electra_small__random__frac0p333__draw04__seed42__same_epochs,random,results/round3e_electra_small/metrics/raw/electra_small__random__frac0p333__draw04__seed42__same_epochs__squad_dev.json,29.87506930809611,28.290503119917517,19.15391952097945,18.41419608345568
joint,results/round3e_electra_small/configs/electra_small__random__frac0p333__draw05__seed13__same_epochs.yaml,2026-05-23T03:36:47Z,sha256:fe4b4d10a7d1a5afed58183078a4fe10820af5537d4e28a82cab990673fb0d6c,data/qa/addonesent.jsonl,run.py/custom_squad_postprocess,addonesent,54.448796866256295,62.92143462167246,,google/electra-small-discriminator,electra_small,1787,3.0,results/round3e_electra_small/predictions/electra_small__random__frac0p333__draw05__seed13__same_epochs__addonesent.jsonl,electra_small__random__frac0p333__draw05__seed13__same_epochs__addonesent,13,5.0,0.333,29170,same_epochs,sha256:d20669bf52a5f9dd4a491d99112f3630a80f8be14367d7ea7fd72908fc0a186c,data/subsets/round3e_electra/joint/random_frac0p333_draw05.jsonl,electra_small__random__frac0p333__draw05__seed13__same_epochs,random,results/round3e_electra_small/metrics/raw/electra_small__random__frac0p333__draw05__seed13__same_epochs__addonesent.json,28.735703429640495,27.272145036301595,18.09140063894729,17.064921203753165
joint,results/round3e_electra_small/configs/electra_small__random__frac0p333__draw05__seed13__same_epochs.yaml,2026-05-23T03:35:46Z,sha256:698ce6f7c1779b1b83d253f1c1b3fc2058f278ec4e656dae445dc5c7a7de98df,data/qa/addsent.jsonl,run.py/custom_squad_postprocess,addsent,44.241573033707866,52.27713183097926,,google/electra-small-discriminator,electra_small,3560,3.0,results/round3e_electra_small/predictions/electra_small__random__frac0p333__draw05__seed13__same_epochs__addsent.jsonl,electra_small__random__frac0p333__draw05__seed13__same_epochs__addsent,13,5.0,0.333,29170,same_epochs,sha256:d20669bf52a5f9dd4a491d99112f3630a80f8be14367d7ea7fd72908fc0a186c,data/subsets/round3e_electra/joint/random_frac0p333_draw05.jsonl,electra_small__random__frac0p333__draw05__seed13__same_epochs,random,results/round3e_electra_small/metrics/raw/electra_small__random__frac0p333__draw05__seed13__same_epochs__addsent.json,28.735703429640495,27.272145036301595,18.09140063894729,17.064921203753165
joint,results/round3e_electra_small/configs/electra_small__random__frac0p333__draw05__seed13__same_epochs.yaml,2026-05-23T03:34:44Z,sha256:940197b8001a1309109a52f2d51d1b3eb25d1db49950b24705dc8641f1c19502,data/qa/squad_dev.jsonl,run.py/custom_squad_postprocess,squad_dev,71.51371807000946,81.01283526061975,,google/electra-small-discriminator,electra_small,10570,3.0,results/round3e_electra_small/predictions/electra_small__random__frac0p333__draw05__seed13__same_epochs__squad_dev.jsonl,electra_small__random__frac0p333__draw05__seed13__same_epochs__squad_dev,13,5.0,0.333,29170,same_epochs,sha256:d20669bf52a5f9dd4a491d99112f3630a80f8be14367d7ea7fd72908fc0a186c,data/subsets/round3e_electra/joint/random_frac0p333_draw05.jsonl,electra_small__random__frac0p333__draw05__seed13__same_epochs,random,results/round3e_electra_small/metrics/raw/electra_small__random__frac0p333__draw05__seed13__same_epochs__squad_dev.json,28.735703429640495,27.272145036301595,18.09140063894729,17.064921203753165
joint,results/round3e_electra_small/configs/electra_small__random__frac0p333__draw05__seed21__same_epochs.yaml,2026-05-23T03:43:43Z,sha256:fe4b4d10a7d1a5afed58183078a4fe10820af5537d4e28a82cab990673fb0d6c,data/qa/addonesent.jsonl,run.py/custom_squad_postprocess,addonesent,53.32960268606603,61.131953524404786,,google/electra-small-discriminator,electra_small,1787,3.0,results/round3e_electra_small/predictions/electra_small__random__frac0p333__draw05__seed21__same_epochs__addonesent.jsonl,electra_small__random__frac0p333__draw05__seed21__same_epochs__addonesent,21,5.0,0.333,29170,same_epochs,sha256:d20669bf52a5f9dd4a491d99112f3630a80f8be14367d7ea7fd72908fc0a186c,data/subsets/round3e_electra/joint/random_frac0p333_draw05.jsonl,electra_small__random__frac0p333__draw05__seed21__same_epochs,random,results/round3e_electra_small/metrics/raw/electra_small__random__frac0p333__draw05__seed21__same_epochs__addonesent.json,29.138184520253198,27.120879529726913,18.584387591189973,17.133973472874366
joint,results/round3e_electra_small/configs/electra_small__random__frac0p333__draw05__seed21__same_epochs.yaml,2026-05-23T03:42:49Z,sha256:698ce6f7c1779b1b83d253f1c1b3fc2058f278ec4e656dae445dc5c7a7de98df,data/qa/addsent.jsonl,run.py/custom_squad_postprocess,addsent,43.342696629213485,50.57815659534156,,google/electra-small-discriminator,electra_small,3560,3.0,results/round3e_electra_small/predictions/electra_small__random__frac0p333__draw05__seed21__same_epochs__addsent.jsonl,electra_small__random__frac0p333__draw05__seed21__same_epochs__addsent,21,5.0,0.333,29170,same_epochs,sha256:d20669bf52a5f9dd4a491d99112f3630a80f8be14367d7ea7fd72908fc0a186c,data/subsets/round3e_electra/joint/random_frac0p333_draw05.jsonl,electra_small__random__frac0p333__draw05__seed21__same_epochs,random,results/round3e_electra_small/metrics/raw/electra_small__random__frac0p333__draw05__seed21__same_epochs__addsent.json,29.138184520253198,27.120879529726913,18.584387591189973,17.133973472874366
joint,results/round3e_electra_small/configs/electra_small__random__frac0p333__draw05__seed21__same_epochs.yaml,2026-05-23T03:41:51Z,sha256:940197b8001a1309109a52f2d51d1b3eb25d1db49950b24705dc8641f1c19502,data/qa/squad_dev.jsonl,run.py/custom_squad_postprocess,squad_dev,70.4635761589404,79.71634111559476,,google/electra-small-discriminator,electra_small,10570,3.0,results/round3e_electra_small/predictions/electra_small__random__frac0p333__draw05__seed21__same_epochs__squad_dev.jsonl,electra_small__random__frac0p333__draw05__seed21__same_epochs__squad_dev,21,5.0,0.333,29170,same_epochs,sha256:d20669bf52a5f9dd4a491d99112f3630a80f8be14367d7ea7fd72908fc0a186c,data/subsets/round3e_electra/joint/random_frac0p333_draw05.jsonl,electra_small__random__frac0p333__draw05__seed21__same_epochs,random,results/round3e_electra_small/metrics/raw/electra_small__random__frac0p333__draw05__seed21__same_epochs__squad_dev.json,29.138184520253198,27.120879529726913,18.584387591189973,17.133973472874366
joint,results/round3e_electra_small/configs/electra_small__random__frac0p333__draw05__seed42__same_epochs.yaml,2026-05-23T03:50:41Z,sha256:fe4b4d10a7d1a5afed58183078a4fe10820af5537d4e28a82cab990673fb0d6c,data/qa/addonesent.jsonl,run.py/custom_squad_postprocess,addonesent,53.55344152210409,61.565483462201115,,google/electra-small-discriminator,electra_small,1787,3.0,results/round3e_electra_small/predictions/electra_small__random__frac0p333__draw05__seed42__same_epochs__addonesent.jsonl,electra_small__random__frac0p333__draw05__seed42__same_epochs__addonesent,42,5.0,0.333,29170,same_epochs,sha256:d20669bf52a5f9dd4a491d99112f3630a80f8be14367d7ea7fd72908fc0a186c,data/subsets/round3e_electra/joint/random_frac0p333_draw05.jsonl,electra_small__random__frac0p333__draw05__seed42__same_epochs,random,results/round3e_electra_small/metrics/raw/electra_small__random__frac0p333__draw05__seed42__same_epochs__addonesent.json,28.97737589829341,26.776678749481782,18.53595336400751,17.127731609400165
joint,results/round3e_electra_small/configs/electra_small__random__frac0p333__draw05__seed42__same_epochs.yaml,2026-05-23T03:49:41Z,sha256:698ce6f7c1779b1b83d253f1c1b3fc2058f278ec4e656dae445dc5c7a7de98df,data/qa/addsent.jsonl,run.py/custom_squad_postprocess,addsent,43.90449438202247,51.12406092791522,,google/electra-small-discriminator,electra_small,3560,3.0,results/round3e_electra_small/predictions/electra_small__random__frac0p333__draw05__seed42__same_epochs__addsent.jsonl,electra_small__random__frac0p333__draw05__seed42__same_epochs__addsent,42,5.0,0.333,29170,same_epochs,sha256:d20669bf52a5f9dd4a491d99112f3630a80f8be14367d7ea7fd72908fc0a186c,data/subsets/round3e_electra/joint/random_frac0p333_draw05.jsonl,electra_small__random__frac0p333__draw05__seed42__same_epochs,random,results/round3e_electra_small/metrics/raw/electra_small__random__frac0p333__draw05__seed42__same_epochs__addsent.json,28.97737589829341,26.776678749481782,18.53595336400751,17.127731609400165
joint,results/round3e_electra_small/configs/electra_small__random__frac0p333__draw05__seed42__same_epochs.yaml,2026-05-23T03:48:41Z,sha256:940197b8001a1309109a52f2d51d1b3eb25d1db49950b24705dc8641f1c19502,data/qa/squad_dev.jsonl,run.py/custom_squad_postprocess,squad_dev,70.68117313150425,80.10143682620863,,google/electra-small-discriminator,electra_small,10570,3.0,results/round3e_electra_small/predictions/electra_small__random__frac0p333__draw05__seed42__same_epochs__squad_dev.jsonl,electra_small__random__frac0p333__draw05__seed42__same_epochs__squad_dev,42,5.0,0.333,29170,same_epochs,sha256:d20669bf52a5f9dd4a491d99112f3630a80f8be14367d7ea7fd72908fc0a186c,data/subsets/round3e_electra/joint/random_frac0p333_draw05.jsonl,electra_small__random__frac0p333__draw05__seed42__same_epochs,random,results/round3e_electra_small/metrics/raw/electra_small__random__frac0p333__draw05__seed42__same_epochs__squad_dev.json,28.97737589829341,26.776678749481782,18.53595336400751,17.127731609400165
joint,results/round3e_electra_small/configs/electra_small__random__frac0p333__draw06__seed13__same_epochs.yaml,2026-05-23T03:57:39Z,sha256:fe4b4d10a7d1a5afed58183078a4fe10820af5537d4e28a82cab990673fb0d6c,data/qa/addonesent.jsonl,run.py/custom_squad_postprocess,addonesent,53.6094012311136,61.58202293593698,,google/electra-small-discriminator,electra_small,1787,3.0,results/round3e_electra_small/predictions/electra_small__random__frac0p333__draw06__seed13__same_epochs__addonesent.jsonl,electra_small__random__frac0p333__draw06__seed13__same_epochs__addonesent,13,6.0,0.333,29170,same_epochs,sha256:293f5b7c271032696da97205c7aa0c3b39ece70d853c01462bb0051aa018d03b,data/subsets/round3e_electra/joint/random_frac0p333_draw06.jsonl,electra_small__random__frac0p333__draw06__seed13__same_epochs,random,results/round3e_electra_small/metrics/raw/electra_small__random__frac0p333__draw06__seed13__same_epochs__addonesent.json,29.269928304415743,27.100097796392156,18.98485120197902,17.563730273143726
joint,results/round3e_electra_small/configs/electra_small__random__frac0p333__draw06__seed13__same_epochs.yaml,2026-05-23T03:56:45Z,sha256:698ce6f7c1779b1b83d253f1c1b3fc2058f278ec4e656dae445dc5c7a7de98df,data/qa/addsent.jsonl,run.py/custom_squad_postprocess,addsent,44.07303370786517,51.29694583350026,,google/electra-small-discriminator,electra_small,3560,3.0,results/round3e_electra_small/predictions/electra_small__random__frac0p333__draw06__seed13__same_epochs__addsent.jsonl,electra_small__random__frac0p333__draw06__seed13__same_epochs__addsent,13,6.0,0.333,29170,same_epochs,sha256:293f5b7c271032696da97205c7aa0c3b39ece70d853c01462bb0051aa018d03b,data/subsets/round3e_electra/joint/random_frac0p333_draw06.jsonl,electra_small__random__frac0p333__draw06__seed13__same_epochs,random,results/round3e_electra_small/metrics/raw/electra_small__random__frac0p333__draw06__seed13__same_epochs__addsent.json,29.269928304415743,27.100097796392156,18.98485120197902,17.563730273143726
joint,results/round3e_electra_small/configs/electra_small__random__frac0p333__draw06__seed13__same_epochs.yaml,2026-05-23T03:55:44Z,sha256:940197b8001a1309109a52f2d51d1b3eb25d1db49950b24705dc8641f1c19502,data/qa/squad_dev.jsonl,run.py/custom_squad_postprocess,squad_dev,71.17313150425733,80.566874137916,,google/electra-small-discriminator,electra_small,10570,3.0,results/round3e_electra_small/predictions/electra_small__random__frac0p333__draw06__seed13__same_epochs__squad_dev.jsonl,electra_small__random__frac0p333__draw06__seed13__same_epochs__squad_dev,13,6.0,0.333,29170,same_epochs,sha256:293f5b7c271032696da97205c7aa0c3b39ece70d853c01462bb0051aa018d03b,data/subsets/round3e_electra/joint/random_frac0p333_draw06.jsonl,electra_small__random__frac0p333__draw06__seed13__same_epochs,random,results/round3e_electra_small/metrics/raw/electra_small__random__frac0p333__draw06__seed13__same_epochs__squad_dev.json,29.269928304415743,27.100097796392156,18.98485120197902,17.563730273143726
joint,results/round3e_electra_small/configs/electra_small__random__frac0p333__draw06__seed21__same_epochs.yaml,2026-05-23T04:04:53Z,sha256:fe4b4d10a7d1a5afed58183078a4fe10820af5537d4e28a82cab990673fb0d6c,data/qa/addonesent.jsonl,run.py/custom_squad_postprocess,addonesent,52.993844432008956,61.10808839128005,,google/electra-small-discriminator,electra_small,1787,3.0,results/round3e_electra_small/predictions/electra_small__random__frac0p333__draw06__seed21__same_epochs__addonesent.jsonl,electra_small__random__frac0p333__draw06__seed21__same_epochs__addonesent,21,6.0,0.333,29170,same_epochs,sha256:293f5b7c271032696da97205c7aa0c3b39ece70d853c01462bb0051aa018d03b,data/subsets/round3e_electra/joint/random_frac0p333_draw06.jsonl,electra_small__random__frac0p333__draw06__seed21__same_epochs,random,results/round3e_electra_small/metrics/raw/electra_small__random__frac0p333__draw06__seed21__same_epochs__addonesent.json,29.640781457504843,27.47454104790961,18.684495920197122,17.261595492305148
joint,results/round3e_electra_small/configs/electra_small__random__frac0p333__draw06__seed21__same_epochs.yaml,2026-05-23T04:03:49Z,sha256:698ce6f7c1779b1b83d253f1c1b3fc2058f278ec4e656dae445dc5c7a7de98df,data/qa/addsent.jsonl,run.py/custom_squad_postprocess,addsent,42.78089887640449,50.15180285397233,,google/electra-small-discriminator,electra_small,3560,3.0,results/round3e_electra_small/predictions/electra_small__random__frac0p333__draw06__seed21__same_epochs__addsent.jsonl,electra_small__random__frac0p333__draw06__seed21__same_epochs__addsent,21,6.0,0.333,29170,same_epochs,sha256:293f5b7c271032696da97205c7aa0c3b39ece70d853c01462bb0051aa018d03b,data/subsets/round3e_electra/joint/random_frac0p333_draw06.jsonl,electra_small__random__frac0p333__draw06__seed21__same_epochs,random,results/round3e_electra_small/metrics/raw/electra_small__random__frac0p333__draw06__seed21__same_epochs__addsent.json,29.640781457504843,27.47454104790961,18.684495920197122,17.261595492305148
joint,results/round3e_electra_small/configs/electra_small__random__frac0p333__draw06__seed21__same_epochs.yaml,2026-05-23T04:02:41Z,sha256:940197b8001a1309109a52f2d51d1b3eb25d1db49950b24705dc8641f1c19502,data/qa/squad_dev.jsonl,run.py/custom_squad_postprocess,squad_dev,70.2554399243141,79.79258431147717,,google/electra-small-discriminator,electra_small,10570,3.0,results/round3e_electra_small/predictions/electra_small__random__frac0p333__draw06__seed21__same_epochs__squad_dev.jsonl,electra_small__random__frac0p333__draw06__seed21__same_epochs__squad_dev,21,6.0,0.333,29170,same_epochs,sha256:293f5b7c271032696da97205c7aa0c3b39ece70d853c01462bb0051aa018d03b,data/subsets/round3e_electra/joint/random_frac0p333_draw06.jsonl,electra_small__random__frac0p333__draw06__seed21__same_epochs,random,results/round3e_electra_small/metrics/raw/electra_small__random__frac0p333__draw06__seed21__same_epochs__squad_dev.json,29.640781457504843,27.47454104790961,18.684495920197122,17.261595492305148
joint,results/round3e_electra_small/configs/electra_small__random__frac0p333__draw06__seed42__same_epochs.yaml,2026-05-23T04:11:51Z,sha256:fe4b4d10a7d1a5afed58183078a4fe10820af5537d4e28a82cab990673fb0d6c,data/qa/addonesent.jsonl,run.py/custom_squad_postprocess,addonesent,54.22495803021824,62.841034520025985,,google/electra-small-discriminator,electra_small,1787,3.0,results/round3e_electra_small/predictions/electra_small__random__frac0p333__draw06__seed42__same_epochs__addonesent.jsonl,electra_small__random__frac0p333__draw06__seed42__same_epochs__addonesent,42,6.0,0.333,29170,same_epochs,sha256:293f5b7c271032696da97205c7aa0c3b39ece70d853c01462bb0051aa018d03b,data/subsets/round3e_electra/joint/random_frac0p333_draw06.jsonl,electra_small__random__frac0p333__draw06__seed42__same_epochs,random,results/round3e_electra_small/metrics/raw/electra_small__random__frac0p333__draw06__seed42__same_epochs__addonesent.json,28.29572337583778,26.804077684351512,18.104914819721486,17.29822077772878
joint,results/round3e_electra_small/configs/electra_small__random__frac0p333__draw06__seed42__same_epochs.yaml,2026-05-23T04:10:56Z,sha256:698ce6f7c1779b1b83d253f1c1b3fc2058f278ec4e656dae445dc5c7a7de98df,data/qa/addsent.jsonl,run.py/custom_squad_postprocess,addsent,44.71910112359551,52.65022596390969,,google/electra-small-discriminator,electra_small,3560,3.0,results/round3e_electra_small/predictions/electra_small__random__frac0p333__draw06__seed42__same_epochs__addsent.jsonl,electra_small__random__frac0p333__draw06__seed42__same_epochs__addsent,42,6.0,0.333,29170,same_epochs,sha256:293f5b7c271032696da97205c7aa0c3b39ece70d853c01462bb0051aa018d03b,data/subsets/round3e_electra/joint/random_frac0p333_draw06.jsonl,electra_small__random__frac0p333__draw06__seed42__same_epochs,random,results/round3e_electra_small/metrics/raw/electra_small__random__frac0p333__draw06__seed42__same_epochs__addsent.json,28.29572337583778,26.804077684351512,18.104914819721486,17.29822077772878
joint,results/round3e_electra_small/configs/electra_small__random__frac0p333__draw06__seed42__same_epochs.yaml,2026-05-23T04:09:57Z,sha256:940197b8001a1309109a52f2d51d1b3eb25d1db49950b24705dc8641f1c19502,data/qa/squad_dev.jsonl,run.py/custom_squad_postprocess,squad_dev,71.52317880794702,80.94594933974747,,google/electra-small-discriminator,electra_small,10570,3.0,results/round3e_electra_small/predictions/electra_small__random__frac0p333__draw06__seed42__same_epochs__squad_dev.jsonl,electra_small__random__frac0p333__draw06__seed42__same_epochs__squad_dev,42,6.0,0.333,29170,same_epochs,sha256:293f5b7c271032696da97205c7aa0c3b39ece70d853c01462bb0051aa018d03b,data/subsets/round3e_electra/joint/random_frac0p333_draw06.jsonl,electra_small__random__frac0p333__draw06__seed42__same_epochs,random,results/round3e_electra_small/metrics/raw/electra_small__random__frac0p333__draw06__seed42__same_epochs__squad_dev.json,28.29572337583778,26.804077684351512,18.104914819721486,17.29822077772878
joint,results/round3e_electra_small/configs/electra_small__random__frac0p333__draw07__seed13__same_epochs.yaml,2026-05-23T04:18:42Z,sha256:fe4b4d10a7d1a5afed58183078a4fe10820af5537d4e28a82cab990673fb0d6c,data/qa/addonesent.jsonl,run.py/custom_squad_postprocess,addonesent,51.482932288752096,59.71409221382925,,google/electra-small-discriminator,electra_small,1787,3.0,results/round3e_electra_small/predictions/electra_small__random__frac0p333__draw07__seed13__same_epochs__addonesent.jsonl,electra_small__random__frac0p333__draw07__seed13__same_epochs__addonesent,13,7.0,0.333,29170,same_epochs,sha256:3e6de8ac8587513f63ee997f8110ff4ebee0915df904df3ba7ef16fe1cccb023,data/subsets/round3e_electra/joint/random_frac0p333_draw07.jsonl,electra_small__random__frac0p333__draw07__seed13__same_epochs,random,results/round3e_electra_small/metrics/raw/electra_small__random__frac0p333__draw07__seed13__same_epochs__addonesent.json,30.735167722042334,29.147736332422696,20.501721054168783,19.406377077378465
joint,results/round3e_electra_small/configs/electra_small__random__frac0p333__draw07__seed13__same_epochs.yaml,2026-05-23T04:17:49Z,sha256:698ce6f7c1779b1b83d253f1c1b3fc2058f278ec4e656dae445dc5c7a7de98df,data/qa/addsent.jsonl,run.py/custom_squad_postprocess,addsent,41.741573033707866,49.480645545955696,,google/electra-small-discriminator,electra_small,3560,3.0,results/round3e_electra_small/predictions/electra_small__random__frac0p333__draw07__seed13__same_epochs__addsent.jsonl,electra_small__random__frac0p333__draw07__seed13__same_epochs__addsent,13,7.0,0.333,29170,same_epochs,sha256:3e6de8ac8587513f63ee997f8110ff4ebee0915df904df3ba7ef16fe1cccb023,data/subsets/round3e_electra/joint/random_frac0p333_draw07.jsonl,electra_small__random__frac0p333__draw07__seed13__same_epochs,random,results/round3e_electra_small/metrics/raw/electra_small__random__frac0p333__draw07__seed13__same_epochs__addsent.json,30.735167722042334,29.147736332422696,20.501721054168783,19.406377077378465
joint,results/round3e_electra_small/configs/electra_small__random__frac0p333__draw07__seed13__same_epochs.yaml,2026-05-23T04:16:51Z,sha256:940197b8001a1309109a52f2d51d1b3eb25d1db49950b24705dc8641f1c19502,data/qa/squad_dev.jsonl,run.py/custom_squad_postprocess,squad_dev,70.88930936613056,80.21581326799803,,google/electra-small-discriminator,electra_small,10570,3.0,results/round3e_electra_small/predictions/electra_small__random__frac0p333__draw07__seed13__same_epochs__squad_dev.jsonl,electra_small__random__frac0p333__draw07__seed13__same_epochs__squad_dev,13,7.0,0.333,29170,same_epochs,sha256:3e6de8ac8587513f63ee997f8110ff4ebee0915df904df3ba7ef16fe1cccb023,data/subsets/round3e_electra/joint/random_frac0p333_draw07.jsonl,electra_small__random__frac0p333__draw07__seed13__same_epochs,random,results/round3e_electra_small/metrics/raw/electra_small__random__frac0p333__draw07__seed13__same_epochs__squad_dev.json,30.735167722042334,29.147736332422696,20.501721054168783,19.406377077378465
joint,results/round3e_electra_small/configs/electra_small__random__frac0p333__draw07__seed21__same_epochs.yaml,2026-05-23T04:25:43Z,sha256:fe4b4d10a7d1a5afed58183078a4fe10820af5537d4e28a82cab990673fb0d6c,data/qa/addonesent.jsonl,run.py/custom_squad_postprocess,addonesent,54.11303861219922,62.4500611878447,,google/electra-small-discriminator,electra_small,1787,3.0,results/round3e_electra_small/predictions/electra_small__random__frac0p333__draw07__seed21__same_epochs__addonesent.jsonl,electra_small__random__frac0p333__draw07__seed21__same_epochs__addonesent,21,7.0,0.333,29170,same_epochs,sha256:3e6de8ac8587513f63ee997f8110ff4ebee0915df904df3ba7ef16fe1cccb023,data/subsets/round3e_electra/joint/random_frac0p333_draw07.jsonl,electra_small__random__frac0p333__draw07__seed21__same_epochs,random,results/round3e_electra_small/metrics/raw/electra_small__random__frac0p333__draw07__seed21__same_epochs__addonesent.json,28.8962667579356,27.295850031358626,18.043505130733173,16.97494625062008
joint,results/round3e_electra_small/configs/electra_small__random__frac0p333__draw07__seed21__same_epochs.yaml,2026-05-23T04:24:44Z,sha256:698ce6f7c1779b1b83d253f1c1b3fc2058f278ec4e656dae445dc5c7a7de98df,data/qa/addsent.jsonl,run.py/custom_squad_postprocess,addsent,43.79213483146067,51.59729956064228,,google/electra-small-discriminator,electra_small,3560,3.0,results/round3e_electra_small/predictions/electra_small__random__frac0p333__draw07__seed21__same_epochs__addsent.jsonl,electra_small__random__frac0p333__draw07__seed21__same_epochs__addsent,21,7.0,0.333,29170,same_epochs,sha256:3e6de8ac8587513f63ee997f8110ff4ebee0915df904df3ba7ef16fe1cccb023,data/subsets/round3e_electra/joint/random_frac0p333_draw07.jsonl,electra_small__random__frac0p333__draw07__seed21__same_epochs,random,results/round3e_electra_small/metrics/raw/electra_small__random__frac0p333__draw07__seed21__same_epochs__addsent.json,28.8962667579356,27.295850031358626,18.043505130733173,16.97494625062008
joint,results/round3e_electra_small/configs/electra_small__random__frac0p333__draw07__seed21__same_epochs.yaml,2026-05-23T04:23:39Z,sha256:940197b8001a1309109a52f2d51d1b3eb25d1db49950b24705dc8641f1c19502,data/qa/squad_dev.jsonl,run.py/custom_squad_postprocess,squad_dev,71.0879848628193,80.49356631857788,,google/electra-small-discriminator,electra_small,10570,3.0,results/round3e_electra_small/predictions/electra_small__random__frac0p333__draw07__seed21__same_epochs__squad_dev.jsonl,electra_small__random__frac0p333__draw07__seed21__same_epochs__squad_dev,21,7.0,0.333,29170,same_epochs,sha256:3e6de8ac8587513f63ee997f8110ff4ebee0915df904df3ba7ef16fe1cccb023,data/subsets/round3e_electra/joint/random_frac0p333_draw07.jsonl,electra_small__random__frac0p333__draw07__seed21__same_epochs,random,results/round3e_electra_small/metrics/raw/electra_small__random__frac0p333__draw07__seed21__same_epochs__squad_dev.json,28.8962667579356,27.295850031358626,18.043505130733173,16.97494625062008
joint,results/round3e_electra_small/configs/electra_small__random__frac0p333__draw07__seed42__same_epochs.yaml,2026-05-23T04:32:42Z,sha256:fe4b4d10a7d1a5afed58183078a4fe10820af5537d4e28a82cab990673fb0d6c,data/qa/addonesent.jsonl,run.py/custom_squad_postprocess,addonesent,53.10576385002798,61.497236810289024,,google/electra-small-discriminator,electra_small,1787,3.0,results/round3e_electra_small/predictions/electra_small__random__frac0p333__draw07__seed42__same_epochs__addonesent.jsonl,electra_small__random__frac0p333__draw07__seed42__same_epochs__addonesent,42,7.0,0.333,29170,same_epochs,sha256:3e6de8ac8587513f63ee997f8110ff4ebee0915df904df3ba7ef16fe1cccb023,data/subsets/round3e_electra/joint/random_frac0p333_draw07.jsonl,electra_small__random__frac0p333__draw07__seed42__same_epochs,random,results/round3e_electra_small/metrics/raw/electra_small__random__frac0p333__draw07__seed42__same_epochs__addonesent.json,29.613222084404946,27.556073474854635,19.015938741117125,17.793006254040144
joint,results/round3e_electra_small/configs/electra_small__random__frac0p333__draw07__seed42__same_epochs.yaml,2026-05-23T04:31:44Z,sha256:698ce6f7c1779b1b83d253f1c1b3fc2058f278ec4e656dae445dc5c7a7de98df,data/qa/addsent.jsonl,run.py/custom_squad_postprocess,addsent,43.342696629213485,50.899953467001204,,google/electra-small-discriminator,electra_small,3560,3.0,results/round3e_electra_small/predictions/electra_small__random__frac0p333__draw07__seed42__same_epochs__addsent.jsonl,electra_small__random__frac0p333__draw07__seed42__same_epochs__addsent,42,7.0,0.333,29170,same_epochs,sha256:3e6de8ac8587513f63ee997f8110ff4ebee0915df904df3ba7ef16fe1cccb023,data/subsets/round3e_electra/joint/random_frac0p333_draw07.jsonl,electra_small__random__frac0p333__draw07__seed42__same_epochs,random,results/round3e_electra_small/metrics/raw/electra_small__random__frac0p333__draw07__seed42__same_epochs__addsent.json,29.613222084404946,27.556073474854635,19.015938741117125,17.793006254040144
joint,results/round3e_electra_small/configs/electra_small__random__frac0p333__draw07__seed42__same_epochs.yaml,2026-05-23T04:30:46Z,sha256:940197b8001a1309109a52f2d51d1b3eb25d1db49950b24705dc8641f1c19502,data/qa/squad_dev.jsonl,run.py/custom_squad_postprocess,squad_dev,70.89877010406812,80.51317555140615,,google/electra-small-discriminator,electra_small,10570,3.0,results/round3e_electra_small/predictions/electra_small__random__frac0p333__draw07__seed42__same_epochs__squad_dev.jsonl,electra_small__random__frac0p333__draw07__seed42__same_epochs__squad_dev,42,7.0,0.333,29170,same_epochs,sha256:3e6de8ac8587513f63ee997f8110ff4ebee0915df904df3ba7ef16fe1cccb023,data/subsets/round3e_electra/joint/random_frac0p333_draw07.jsonl,electra_small__random__frac0p333__draw07__seed42__same_epochs,random,results/round3e_electra_small/metrics/raw/electra_small__random__frac0p333__draw07__seed42__same_epochs__squad_dev.json,29.613222084404946,27.556073474854635,19.015938741117125,17.793006254040144
joint,results/round3e_electra_small/configs/electra_small__random__frac0p333__draw08__seed13__same_epochs.yaml,2026-05-23T04:39:49Z,sha256:fe4b4d10a7d1a5afed58183078a4fe10820af5537d4e28a82cab990673fb0d6c,data/qa/addonesent.jsonl,run.py/custom_squad_postprocess,addonesent,53.04980414101847,61.60502701807602,,google/electra-small-discriminator,electra_small,1787,3.0,results/round3e_electra_small/predictions/electra_small__random__frac0p333__draw08__seed13__same_epochs__addonesent.jsonl,electra_small__random__frac0p333__draw08__seed13__same_epochs__addonesent,13,8.0,0.333,29170,same_epochs,sha256:bed1a2796a2063f18e4eef433953a938d8186cca64ea9f72680236d2fe754837,data/subsets/round3e_electra/joint/random_frac0p333_draw08.jsonl,electra_small__random__frac0p333__draw08__seed13__same_epochs,random,results/round3e_electra_small/metrics/raw/electra_small__random__frac0p333__draw08__seed13__same_epochs__addonesent.json,29.524569909807134,27.669310003933113,18.95862678678379,17.93411260448768
joint,results/round3e_electra_small/configs/electra_small__random__frac0p333__draw08__seed13__same_epochs.yaml,2026-05-23T04:38:52Z,sha256:698ce6f7c1779b1b83d253f1c1b3fc2058f278ec4e656dae445dc5c7a7de98df,data/qa/addsent.jsonl,run.py/custom_squad_postprocess,addsent,43.31460674157304,51.03908389505268,,google/electra-small-discriminator,electra_small,3560,3.0,results/round3e_electra_small/predictions/electra_small__random__frac0p333__draw08__seed13__same_epochs__addsent.jsonl,electra_small__random__frac0p333__draw08__seed13__same_epochs__addsent,13,8.0,0.333,29170,same_epochs,sha256:bed1a2796a2063f18e4eef433953a938d8186cca64ea9f72680236d2fe754837,data/subsets/round3e_electra/joint/random_frac0p333_draw08.jsonl,electra_small__random__frac0p333__draw08__seed13__same_epochs,random,results/round3e_electra_small/metrics/raw/electra_small__random__frac0p333__draw08__seed13__same_epochs__addsent.json,29.524569909807134,27.669310003933113,18.95862678678379,17.93411260448768
joint,results/round3e_electra_small/configs/electra_small__random__frac0p333__draw08__seed13__same_epochs.yaml,2026-05-23T04:37:51Z,sha256:940197b8001a1309109a52f2d51d1b3eb25d1db49950b24705dc8641f1c19502,data/qa/squad_dev.jsonl,run.py/custom_squad_postprocess,squad_dev,70.98391674550615,80.56365380485981,,google/electra-small-discriminator,electra_small,10570,3.0,results/round3e_electra_small/predictions/electra_small__random__frac0p333__draw08__seed13__same_epochs__squad_dev.jsonl,electra_small__random__frac0p333__draw08__seed13__same_epochs__squad_dev,13,8.0,0.333,29170,same_epochs,sha256:bed1a2796a2063f18e4eef433953a938d8186cca64ea9f72680236d2fe754837,data/subsets/round3e_electra/joint/random_frac0p333_draw08.jsonl,electra_small__random__frac0p333__draw08__seed13__same_epochs,random,results/round3e_electra_small/metrics/raw/electra_small__random__frac0p333__draw08__seed13__same_epochs__squad_dev.json,29.524569909807134,27.669310003933113,18.95862678678379,17.93411260448768
joint,results/round3e_electra_small/configs/electra_small__random__frac0p333__draw08__seed21__same_epochs.yaml,2026-05-23T04:46:51Z,sha256:fe4b4d10a7d1a5afed58183078a4fe10820af5537d4e28a82cab990673fb0d6c,data/qa/addonesent.jsonl,run.py/custom_squad_postprocess,addonesent,51.594851706771124,60.06619923202797,,google/electra-small-discriminator,electra_small,1787,3.0,results/round3e_electra_small/predictions/electra_small__random__frac0p333__draw08__seed21__same_epochs__addonesent.jsonl,electra_small__random__frac0p333__draw08__seed21__same_epochs__addonesent,21,8.0,0.333,29170,same_epochs,sha256:bed1a2796a2063f18e4eef433953a938d8186cca64ea9f72680236d2fe754837,data/subsets/round3e_electra/joint/random_frac0p333_draw08.jsonl,electra_small__random__frac0p333__draw08__seed21__same_epochs,random,results/round3e_electra_small/metrics/raw/electra_small__random__frac0p333__draw08__seed21__same_epochs__addonesent.json,30.69029551736456,28.87932775610431,19.718266916473624,18.688970431355656
joint,results/round3e_electra_small/configs/electra_small__random__frac0p333__draw08__seed21__same_epochs.yaml,2026-05-23T04:45:56Z,sha256:698ce6f7c1779b1b83d253f1c1b3fc2058f278ec4e656dae445dc5c7a7de98df,data/qa/addsent.jsonl,run.py/custom_squad_postprocess,addsent,41.40449438202247,49.09417063113703,,google/electra-small-discriminator,electra_small,3560,3.0,results/round3e_electra_small/predictions/electra_small__random__frac0p333__draw08__seed21__same_epochs__addsent.jsonl,electra_small__random__frac0p333__draw08__seed21__same_epochs__addsent,21,8.0,0.333,29170,same_epochs,sha256:bed1a2796a2063f18e4eef433953a938d8186cca64ea9f72680236d2fe754837,data/subsets/round3e_electra/joint/random_frac0p333_draw08.jsonl,electra_small__random__frac0p333__draw08__seed21__same_epochs,random,results/round3e_electra_small/metrics/raw/electra_small__random__frac0p333__draw08__seed21__same_epochs__addsent.json,30.69029551736456,28.87932775610431,19.718266916473624,18.688970431355656
joint,results/round3e_electra_small/configs/electra_small__random__frac0p333__draw08__seed21__same_epochs.yaml,2026-05-23T04:44:53Z,sha256:940197b8001a1309109a52f2d51d1b3eb25d1db49950b24705dc8641f1c19502,data/qa/squad_dev.jsonl,run.py/custom_squad_postprocess,squad_dev,70.28382213812678,79.7844661485016,,google/electra-small-discriminator,electra_small,10570,3.0,results/round3e_electra_small/predictions/electra_small__random__frac0p333__draw08__seed21__same_epochs__squad_dev.jsonl,electra_small__random__frac0p333__draw08__seed21__same_epochs__squad_dev,21,8.0,0.333,29170,same_epochs,sha256:bed1a2796a2063f18e4eef433953a938d8186cca64ea9f72680236d2fe754837,data/subsets/round3e_electra/joint/random_frac0p333_draw08.jsonl,electra_small__random__frac0p333__draw08__seed21__same_epochs,random,results/round3e_electra_small/metrics/raw/electra_small__random__frac0p333__draw08__seed21__same_epochs__squad_dev.json,30.69029551736456,28.87932775610431,19.718266916473624,18.688970431355656
joint,results/round3e_electra_small/configs/electra_small__random__frac0p333__draw08__seed42__same_epochs.yaml,2026-05-23T04:53:39Z,sha256:fe4b4d10a7d1a5afed58183078a4fe10820af5537d4e28a82cab990673fb0d6c,data/qa/addonesent.jsonl,run.py/custom_squad_postprocess,addonesent,52.37828763290431,61.58170315560604,,google/electra-small-discriminator,electra_small,1787,3.0,results/round3e_electra_small/predictions/electra_small__random__frac0p333__draw08__seed42__same_epochs__addonesent.jsonl,electra_small__random__frac0p333__draw08__seed42__same_epochs__addonesent,42,8.0,0.333,29170,same_epochs,sha256:bed1a2796a2063f18e4eef433953a938d8186cca64ea9f72680236d2fe754837,data/subsets/round3e_electra/joint/random_frac0p333_draw08.jsonl,electra_small__random__frac0p333__draw08__seed42__same_epochs,random,results/round3e_electra_small/metrics/raw/electra_small__random__frac0p333__draw08__seed42__same_epochs__addonesent.json,28.909857522767894,27.411531470241194,18.60532730756767,18.123131477786323
joint,results/round3e_electra_small/configs/electra_small__random__frac0p333__draw08__seed42__same_epochs.yaml,2026-05-23T04:52:44Z,sha256:698ce6f7c1779b1b83d253f1c1b3fc2058f278ec4e656dae445dc5c7a7de98df,data/qa/addsent.jsonl,run.py/custom_squad_postprocess,addsent,43.08988764044944,51.27717294040582,,google/electra-small-discriminator,electra_small,3560,3.0,results/round3e_electra_small/predictions/electra_small__random__frac0p333__draw08__seed42__same_epochs__addsent.jsonl,electra_small__random__frac0p333__draw08__seed42__same_epochs__addsent,42,8.0,0.333,29170,same_epochs,sha256:bed1a2796a2063f18e4eef433953a938d8186cca64ea9f72680236d2fe754837,data/subsets/round3e_electra/joint/random_frac0p333_draw08.jsonl,electra_small__random__frac0p333__draw08__seed42__same_epochs,random,results/round3e_electra_small/metrics/raw/electra_small__random__frac0p333__draw08__seed42__same_epochs__addsent.json,28.909857522767894,27.411531470241194,18.60532730756767,18.123131477786323
joint,results/round3e_electra_small/configs/electra_small__random__frac0p333__draw08__seed42__same_epochs.yaml,2026-05-23T04:51:44Z,sha256:940197b8001a1309109a52f2d51d1b3eb25d1db49950b24705dc8641f1c19502,data/qa/squad_dev.jsonl,run.py/custom_squad_postprocess,squad_dev,70.50141911069063,80.18703046317371,,google/electra-small-discriminator,electra_small,10570,3.0,results/round3e_electra_small/predictions/electra_small__random__frac0p333__draw08__seed42__same_epochs__squad_dev.jsonl,electra_small__random__frac0p333__draw08__seed42__same_epochs__squad_dev,42,8.0,0.333,29170,same_epochs,sha256:bed1a2796a2063f18e4eef433953a938d8186cca64ea9f72680236d2fe754837,data/subsets/round3e_electra/joint/random_frac0p333_draw08.jsonl,electra_small__random__frac0p333__draw08__seed42__same_epochs,random,results/round3e_electra_small/metrics/raw/electra_small__random__frac0p333__draw08__seed42__same_epochs__squad_dev.json,28.909857522767894,27.411531470241194,18.60532730756767,18.123131477786323
joint,results/round3e_electra_small/configs/electra_small__random__frac0p333__draw09__seed13__same_epochs.yaml,2026-05-23T05:00:41Z,sha256:fe4b4d10a7d1a5afed58183078a4fe10820af5537d4e28a82cab990673fb0d6c,data/qa/addonesent.jsonl,run.py/custom_squad_postprocess,addonesent,54.33687744823727,61.855249320001,,google/electra-small-discriminator,electra_small,1787,3.0,results/round3e_electra_small/predictions/electra_small__random__frac0p333__draw09__seed13__same_epochs__addonesent.jsonl,electra_small__random__frac0p333__draw09__seed13__same_epochs__addonesent,13,9.0,0.333,29170,same_epochs,sha256:9d73a8e3031bcff98211ea131cc02d18612e85641b276d6f6f8ce7925db0eb7b,data/subsets/round3e_electra/joint/random_frac0p333_draw09.jsonl,electra_small__random__frac0p333__draw09__seed13__same_epochs,random,results/round3e_electra_small/metrics/raw/electra_small__random__frac0p333__draw09__seed13__same_epochs__addonesent.json,29.512106089673523,27.298773293080906,18.740287414658617,17.03492955270881
joint,results/round3e_electra_small/configs/electra_small__random__frac0p333__draw09__seed13__same_epochs.yaml,2026-05-23T04:59:44Z,sha256:698ce6f7c1779b1b83d253f1c1b3fc2058f278ec4e656dae445dc5c7a7de98df,data/qa/addsent.jsonl,run.py/custom_squad_postprocess,addsent,44.07303370786517,51.083430644986095,,google/electra-small-discriminator,electra_small,3560,3.0,results/round3e_electra_small/predictions/electra_small__random__frac0p333__draw09__seed13__same_epochs__addsent.jsonl,electra_small__random__frac0p333__draw09__seed13__same_epochs__addsent,13,9.0,0.333,29170,same_epochs,sha256:9d73a8e3031bcff98211ea131cc02d18612e85641b276d6f6f8ce7925db0eb7b,data/subsets/round3e_electra/joint/random_frac0p333_draw09.jsonl,electra_small__random__frac0p333__draw09__seed13__same_epochs,random,results/round3e_electra_small/metrics/raw/electra_small__random__frac0p333__draw09__seed13__same_epochs__addsent.json,29.512106089673523,27.298773293080906,18.740287414658617,17.03492955270881
joint,results/round3e_electra_small/configs/electra_small__random__frac0p333__draw09__seed13__same_epochs.yaml,2026-05-23T04:58:45Z,sha256:940197b8001a1309109a52f2d51d1b3eb25d1db49950b24705dc8641f1c19502,data/qa/squad_dev.jsonl,run.py/custom_squad_postprocess,squad_dev,71.37180700094608,80.59553673465962,,google/electra-small-discriminator,electra_small,10570,3.0,results/round3e_electra_small/predictions/electra_small__random__frac0p333__draw09__seed13__same_epochs__squad_dev.jsonl,electra_small__random__frac0p333__draw09__seed13__same_epochs__squad_dev,13,9.0,0.333,29170,same_epochs,sha256:9d73a8e3031bcff98211ea131cc02d18612e85641b276d6f6f8ce7925db0eb7b,data/subsets/round3e_electra/joint/random_frac0p333_draw09.jsonl,electra_small__random__frac0p333__draw09__seed13__same_epochs,random,results/round3e_electra_small/metrics/raw/electra_small__random__frac0p333__draw09__seed13__same_epochs__squad_dev.json,29.512106089673523,27.298773293080906,18.740287414658617,17.03492955270881
joint,results/round3e_electra_small/configs/electra_small__random__frac0p333__draw09__seed21__same_epochs.yaml,2026-05-23T05:07:45Z,sha256:fe4b4d10a7d1a5afed58183078a4fe10820af5537d4e28a82cab990673fb0d6c,data/qa/addonesent.jsonl,run.py/custom_squad_postprocess,addonesent,54.39283715724678,62.71529608039974,,google/electra-small-discriminator,electra_small,1787,3.0,results/round3e_electra_small/predictions/electra_small__random__frac0p333__draw09__seed21__same_epochs__addonesent.jsonl,electra_small__random__frac0p333__draw09__seed21__same_epochs__addonesent,21,9.0,0.333,29170,same_epochs,sha256:9d73a8e3031bcff98211ea131cc02d18612e85641b276d6f6f8ce7925db0eb7b,data/subsets/round3e_electra/joint/random_frac0p333_draw09.jsonl,electra_small__random__frac0p333__draw09__seed21__same_epochs,random,results/round3e_electra_small/metrics/raw/electra_small__random__frac0p333__draw09__seed21__same_epochs__addonesent.json,28.59182124230628,27.190213982758067,18.137384662181574,17.347938623264092
joint,results/round3e_electra_small/configs/electra_small__random__frac0p333__draw09__seed21__same_epochs.yaml,2026-05-23T05:06:44Z,sha256:698ce6f7c1779b1b83d253f1c1b3fc2058f278ec4e656dae445dc5c7a7de98df,data/qa/addsent.jsonl,run.py/custom_squad_postprocess,addsent,44.550561797752806,52.26085950027503,,google/electra-small-discriminator,electra_small,3560,3.0,results/round3e_electra_small/predictions/electra_small__random__frac0p333__draw09__seed21__same_epochs__addsent.jsonl,electra_small__random__frac0p333__draw09__seed21__same_epochs__addsent,21,9.0,0.333,29170,same_epochs,sha256:9d73a8e3031bcff98211ea131cc02d18612e85641b276d6f6f8ce7925db0eb7b,data/subsets/round3e_electra/joint/random_frac0p333_draw09.jsonl,electra_small__random__frac0p333__draw09__seed21__same_epochs,random,results/round3e_electra_small/metrics/raw/electra_small__random__frac0p333__draw09__seed21__same_epochs__addsent.json,28.59182124230628,27.190213982758067,18.137384662181574,17.347938623264092
joint,results/round3e_electra_small/configs/electra_small__random__frac0p333__draw09__seed21__same_epochs.yaml,2026-05-23T05:05:33Z,sha256:940197b8001a1309109a52f2d51d1b3eb25d1db49950b24705dc8641f1c19502,data/qa/squad_dev.jsonl,run.py/custom_squad_postprocess,squad_dev,71.74077578051087,80.85268074258131,,google/electra-small-discriminator,electra_small,10570,3.0,results/round3e_electra_small/predictions/electra_small__random__frac0p333__draw09__seed21__same_epochs__squad_dev.jsonl,electra_small__random__frac0p333__draw09__seed21__same_epochs__squad_dev,21,9.0,0.333,29170,same_epochs,sha256:9d73a8e3031bcff98211ea131cc02d18612e85641b276d6f6f8ce7925db0eb7b,data/subsets/round3e_electra/joint/random_frac0p333_draw09.jsonl,electra_small__random__frac0p333__draw09__seed21__same_epochs,random,results/round3e_electra_small/metrics/raw/electra_small__random__frac0p333__draw09__seed21__same_epochs__squad_dev.json,28.59182124230628,27.190213982758067,18.137384662181574,17.347938623264092
joint,results/round3e_electra_small/configs/electra_small__random__frac0p333__draw09__seed42__same_epochs.yaml,2026-05-23T05:14:43Z,sha256:fe4b4d10a7d1a5afed58183078a4fe10820af5537d4e28a82cab990673fb0d6c,data/qa/addonesent.jsonl,run.py/custom_squad_postprocess,addonesent,54.00111919418019,62.95016274078453,,google/electra-small-discriminator,electra_small,1787,3.0,results/round3e_electra_small/predictions/electra_small__random__frac0p333__draw09__seed42__same_epochs__addonesent.jsonl,electra_small__random__frac0p333__draw09__seed42__same_epochs__addonesent,42,9.0,0.333,29170,same_epochs,sha256:9d73a8e3031bcff98211ea131cc02d18612e85641b276d6f6f8ce7925db0eb7b,data/subsets/round3e_electra/joint/random_frac0p333_draw09.jsonl,electra_small__random__frac0p333__draw09__seed42__same_epochs,random,results/round3e_electra_small/metrics/raw/electra_small__random__frac0p333__draw09__seed42__same_epochs__addonesent.json,28.913860999006125,27.214211303987334,17.91679952820352,17.34230559295321
joint,results/round3e_electra_small/configs/electra_small__random__frac0p333__draw09__seed42__same_epochs.yaml,2026-05-23T05:13:48Z,sha256:698ce6f7c1779b1b83d253f1c1b3fc2058f278ec4e656dae445dc5c7a7de98df,data/qa/addsent.jsonl,run.py/custom_squad_postprocess,addsent,44.12921348314607,51.95310126998192,,google/electra-small-discriminator,electra_small,3560,3.0,results/round3e_electra_small/predictions/electra_small__random__frac0p333__draw09__seed42__same_epochs__addsent.jsonl,electra_small__random__frac0p333__draw09__seed42__same_epochs__addsent,42,9.0,0.333,29170,same_epochs,sha256:9d73a8e3031bcff98211ea131cc02d18612e85641b276d6f6f8ce7925db0eb7b,data/subsets/round3e_electra/joint/random_frac0p333_draw09.jsonl,electra_small__random__frac0p333__draw09__seed42__same_epochs,random,results/round3e_electra_small/metrics/raw/electra_small__random__frac0p333__draw09__seed42__same_epochs__addsent.json,28.913860999006125,27.214211303987334,17.91679952820352,17.34230559295321
joint,results/round3e_electra_small/configs/electra_small__random__frac0p333__draw09__seed42__same_epochs.yaml,2026-05-23T05:12:47Z,sha256:940197b8001a1309109a52f2d51d1b3eb25d1db49950b24705dc8641f1c19502,data/qa/squad_dev.jsonl,run.py/custom_squad_postprocess,squad_dev,71.3434247871334,80.86696226898805,,google/electra-small-discriminator,electra_small,10570,3.0,results/round3e_electra_small/predictions/electra_small__random__frac0p333__draw09__seed42__same_epochs__squad_dev.jsonl,electra_small__random__frac0p333__draw09__seed42__same_epochs__squad_dev,42,9.0,0.333,29170,same_epochs,sha256:9d73a8e3031bcff98211ea131cc02d18612e85641b276d6f6f8ce7925db0eb7b,data/subsets/round3e_electra/joint/random_frac0p333_draw09.jsonl,electra_small__random__frac0p333__draw09__seed42__same_epochs,random,results/round3e_electra_small/metrics/raw/electra_small__random__frac0p333__draw09__seed42__same_epochs__squad_dev.json,28.913860999006125,27.214211303987334,17.91679952820352,17.34230559295321
